high,timestamp,volume,low,close,open
29022.01,1609459200,0.86157958,28999.14,29006.31,28999.63
29086.90,1609459260,14.56195084,29007.31,29083.47,29007.31
29073.02,1609459320,3.03030144,29028.14,29035.89,29069.80
29069.39,1609459380,2.18962055,29019.00,29048.13,29037.68
29057.73,1609459440,1.44653760,29035.61,29045.19,29048.13
29023.38,1609459500,1.06235967,28982.33,28999.50,29021.86
29025.68,1609459560,1.86322186,28996.71,28997.36,28996.71
29012.16,1609459620,1.40150279,28983.04,28990.35,29000.96
28993.53,1609459680,2.27032461,28938.21,28941.55,28993.53
28987.85,1609459740,2.37217921,28910.15,28937.66,28945.20
28945.01,1609459800,1.46820641,28903.28,28925.13,28932.99
28936.19,1609459860,9.89429008,28843.74,28888.34,28905.23
28931.49,1609459920,1.58386373,28893.16,28899.24,28915.88
28897.80,1609459980,14.01723668,28800.00,28811.01,28897.80
28839.99,1609460040,13.46141688,28774.64,28834.74,28785.98
28843.06,1609460100,1.43738320,28800.92,28825.45,28812.07
28893.34,1609460160,1.15812201,28844.42,28893.34,28849.06
28893.34,1609460220,0.42930128,28858.67,28888.52,28872.67
28907.96,1609460280,5.54608190,28865.50,28898.38,28893.34
28916.52,1609460340,1.94684880,28879.93,28916.52,28902.03
28893.72,1609460400,1.87169104,28810.07,28827.83,28893.72
28878.46,1609460460,7.63363878,28802.97,28852.31,28819.24
28889.35,1609460520,1.71106435,28854.12,28889.32,28854.12
28919.39,1609460580,2.27313407,28867.26,28919.39,28878.30
28909.53,1609460640,2.61633566,28892.38,28907.28,28893.82
28932.43,1609460700,1.29393198,28907.28,28932.43,28907.28
28947.70,1609460760,23.47127269,28898.35,28920.26,28936.99
28933.28,1609460820,6.59143606,28900.00,28914.43,28908.80
28922.59,1609460880,11.12985453,28895.99,28900.07,28901.86
28913.01,1609460940,5.78596564,28878.41,28910.87,28896.03
28950.00,1609461000,12.05414799,28900.11,28950.00,28900.11
28969.07,1609461060,17.39085988,28931.21,28931.21,28950.00
28955.21,1609461120,6.15567111,28929.73,28947.96,28938.52
28974.79,1609461180,2.49642887,28934.97,28974.79,28947.96
28978.54,1609461240,10.68851586,28937.70,28952.07,28966.87
29005.56,1609461300,17.53539899,28952.46,28999.77,28952.46
29001.18,1609461360,17.97468844,28968.10,29001.18,28999.77
29001.18,1609461420,16.17785554,28981.12,28983.72,28984.81
28996.63,1609461480,13.92509724,28971.13,28971.13,28983.72
28974.45,1609461540,4.29816758,28961.83,28974.45,28974.45
28996.99,1609461600,4.28644870,28967.25,28996.99,28967.25
29007.35,1609461660,22.11847478,28986.61,28986.61,28996.51
29003.14,1609461720,6.57325765,28977.67,28991.31,29003.14
29000.61,1609461780,1.42018380,28990.42,28997.26,28992.16
29017.21,1609461840,1.54483499,28997.26,29017.21,28997.26
29017.21,1609461900,15.53999490,28971.91,28978.01,29005.98
29017.21,1609461960,4.81764318,28978.02,29004.36,28992.36
29050.00,1609462020,23.70185610,29002.11,29022.29,29004.36
29047.09,1609462080,5.00057495,29009.73,29011.08,29012.33
29029.47,1609462140,1.36741137,29012.53,29023.58,29012.53
29039.19,1609462200,5.46567145,29023.71,29023.71,29032.19
29030.48,1609462260,1.22957967,29010.60,29013.59,29028.93
29049.01,1609462320,1.85024719,29013.59,29049.01,29013.59
29063.15,1609462380,13.55045153,29028.62,29049.60,29049.01
29041.11,1609462440,4.00726841,29018.54,29033.24,29041.11
29048.28,1609462500,2.72147918,29019.62,29026.33,29030.49
29048.54,1609462560,1.65992518,29014.76,29039.46,29029.22
29099.00,1609462620,8.17561949,29049.88,29071.96,29067.04
29097.57,1609462680,3.57837760,29076.20,29088.01,29097.47
29079.93,1609462740,4.27798978,29053.18,29056.94,29079.93
29076.68,1609462800,6.82027096,29047.01,29047.01,29070.66
29048.07,1609462860,7.01732391,29010.36,29030.04,29047.01
29068.97,1609462920,1.31408146,29039.30,29068.95,29039.30
29068.93,1609462980,2.15166797,29052.25,29053.89,29068.93
29120.00,1609463040,13.24598274,29053.89,29117.04,29058.75
29155.00,1609463100,18.02039878,29116.10,29155.00,29120.00
29150.00,1609463160,6.98289220,29131.12,29148.32,29150.00
29148.32,1609463220,9.21883616,29119.21,29132.57,29135.86
29191.74,1609463280,11.24366762,29139.75,29190.29,29139.75
29190.29,1609463340,2.53800878,29150.66,29174.65,29190.29
29209.00,1609463400,12.39395512,29174.64,29201.56,29174.64
29253.96,1609463460,24.88186470,29206.89,29253.96,29208.35
29296.95,1609463520,14.47521501,29241.53,29295.91,29241.74
29311.34,1609463580,11.87858101,29276.13,29292.62,29296.95
29437.83,1609463640,62.13405394,29308.28,29413.41,29308.28
29437.83,1609463700,13.95531716,29370.72,29437.83,29437.48
29418.02,1609463760,20.79674635,29356.20,29402.51,29416.55
29403.71,1609463820,10.40647435,29352.11,29384.51,29377.72
29380.00,1609463880,2.08763090,29345.63,29380.00,29365.46
29380.00,1609463940,16.42654421,29310.21,29329.79,29380.00
29395.99,1609464000,9.83933536,29300.84,29395.99,29320.24
29383.40,1609464060,8.39992818,29339.01,29370.04,29381.40
29370.04,1609464120,9.91783369,29286.97,29352.86,29370.04
29367.32,1609464180,6.27682176,29326.69,29367.32,29343.40
29399.58,1609464240,2.21849193,29358.00,29383.62,29361.44
29392.11,1609464300,16.14471841,29338.77,29381.66,29383.62
29374.38,1609464360,8.70548089,29344.20,29344.20,29374.38
29373.77,1609464420,16.16930223,29321.20,29367.05,29357.56
29415.00,1609464480,8.92537861,29373.37,29402.62,29373.85
29470.00,1609464540,14.10828987,29403.15,29445.80,29403.15
29495.00,1609464600,11.86691995,29445.80,29495.00,29445.80
29499.99,1609464660,10.41127962,29401.45,29401.45,29495.00
29446.58,1609464720,5.51576020,29415.66,29435.80,29428.88
29458.00,1609464780,11.68950179,29366.86,29414.81,29455.20
29435.79,1609464840,6.32340926,29399.31,29435.79,29400.00
29427.41,1609464900,7.87201495,29393.53,29404.51,29419.38
29487.30,1609464960,10.29977089,29425.41,29462.27,29425.41
29489.36,1609465020,9.16257332,29458.23,29489.36,29462.27
29543.93,1609465080,52.11674268,29489.69,29524.97,29489.69
29543.93,1609465140,19.79299641,29388.27,29455.78,29526.32
29490.29,1609465200,7.28473982,29438.56,29451.85,29485.42
29447.85,1609465260,4.83502116,29408.26,29443.61,29433.49
29475.25,1609465320,13.78631233,29409.50,29438.16,29458.00
29449.28,1609465380,2.74118948,29402.63,29442.38,29414.11
29448.57,1609465440,14.39665000,29384.82,29403.39,29433.15
29422.65,1609465500,1.66981122,29379.39,29416.32,29397.15
29430.00,1609465560,8.05742355,29403.81,29429.59,29410.20
29455.19,1609465620,7.60755768,29428.09,29434.16,29439.26
29440.97,1609465680,3.14365928,29419.12,29420.26,29434.16
29466.20,1609465740,1.58941469,29422.24,29459.80,29435.69
29461.36,1609465800,11.61667223,29419.98,29437.44,29461.36
29448.47,1609465860,5.61288305,29437.43,29447.22,29437.44
29428.66,1609465920,5.02620046,29411.73,29412.27,29423.87
29455.39,1609465980,3.61632882,29414.61,29452.34,29424.99
29462.75,1609466040,2.55367753,29439.25,29453.09,29453.66
29463.57,1609466100,3.77812572,29439.60,29459.23,29439.60
29463.45,1609466160,5.46394914,29430.95,29430.95,29445.00
29498.51,1609466220,4.20445247,29454.96,29498.51,29463.57
29508.72,1609466280,10.97173755,29468.31,29476.93,29498.31
29491.55,1609466340,16.89578251,29466.15,29479.12,29489.63
29535.95,1609466400,14.23202728,29484.39,29518.58,29484.39
29530.41,1609466460,14.65845336,29506.27,29527.72,29526.11
29527.03,1609466520,8.03354565,29464.54,29464.99,29526.21
29474.24,1609466580,6.98152571,29433.10,29456.74,29464.99
29465.69,1609466640,3.92422471,29444.49,29454.80,29461.05
29459.58,1609466700,12.11250481,29429.67,29439.16,29459.58
29448.88,1609466760,1.34856796,29428.03,29428.04,29448.88
29436.66,1609466820,3.47431578,29411.64,29436.66,29427.66
29439.41,1609466880,5.41716368,29420.64,29429.44,29438.69
29450.00,1609466940,1.70711490,29420.78,29450.00,29420.78
29450.00,1609467000,1.75392073,29439.07,29441.25,29446.25
29443.70,1609467060,2.21264711,29420.11,29440.74,29441.26
29442.36,1609467120,3.74666800,29415.66,29415.67,29422.59
29428.91,1609467180,16.29014632,29332.11,29341.44,29415.68
29390.49,1609467240,17.57545813,29296.95,29327.81,29374.41
29396.07,1609467300,5.81655596,29338.14,29370.50,29353.67
29395.78,1609467360,8.61065758,29360.26,29360.26,29382.20
29385.71,1609467420,4.43193923,29351.68,29383.61,29366.81
29399.44,1609467480,1.79373441,29368.53,29385.60,29385.70
29420.51,1609467540,1.39502190,29390.18,29420.51,29390.18
29418.94,1609467600,6.52811736,29375.71,29377.43,29398.82
29407.80,1609467660,3.96680456,29377.43,29378.35,29377.43
29407.33,1609467720,5.70849476,29385.46,29392.79,29391.38
29416.00,1609467780,2.61324056,29392.78,29405.78,29402.21
29456.59,1609467840,4.61855369,29415.46,29420.10,29420.02
29435.74,1609467900,6.74435697,29382.20,29404.72,29435.74
29419.51,1609467960,3.55298023,29390.18,29413.87,29404.72
29415.92,1609468020,1.80137577,29378.84,29378.84,29413.87
29393.90,1609468080,5.37804482,29346.02,29346.12,29378.85
29385.94,1609468140,1.03260457,29346.96,29353.00,29347.48
29369.35,1609468200,4.00929272,29276.00,29276.00,29369.35
29319.39,1609468260,2.59408066,29276.00,29307.00,29276.00
29320.00,1609468320,5.38811316,29282.00,29282.00,29307.00
29293.19,1609468380,8.16111029,29261.84,29287.96,29281.70
29303.40,1609468440,2.68896139,29269.82,29286.43,29287.96
29325.00,1609468500,1.62877134,29288.66,29314.44,29288.67
29320.77,1609468560,3.26512199,29282.42,29320.77,29306.73
29329.74,1609468620,2.85966584,29305.62,29317.91,29307.35
29321.61,1609468680,7.24044911,29300.00,29316.45,29317.91
29311.53,1609468740,2.06519522,29277.81,29284.83,29299.64
29307.58,1609468800,0.52593980,29286.08,29297.44,29286.08
29283.73,1609468860,23.95751003,29189.34,29235.57,29282.16
29294.11,1609468920,3.24608269,29259.13,29292.49,29259.49
29339.34,1609468980,3.17224817,29285.74,29324.09,29285.74
29340.41,1609469040,1.74535492,29314.43,29330.75,29314.43
29359.00,1609469100,2.76222795,29317.20,29336.94,29317.20
29367.31,1609469160,4.30642732,29315.89,29337.83,29346.76
29351.22,1609469220,3.82437992,29305.55,29325.88,29329.49
29365.24,1609469280,1.76478895,29333.96,29358.14,29333.96
29393.66,1609469340,8.27265748,29346.16,29393.66,29346.16
29391.33,1609469400,2.78878377,29358.93,29368.55,29391.33
29368.55,1609469460,1.84593920,29313.78,29328.59,29368.55
29351.21,1609469520,2.62730845,29312.41,29325.65,29328.58
29325.56,1609469580,0.32888707,29287.02,29287.02,29314.29
29304.17,1609469640,2.42215242,29247.75,29247.75,29303.73
29275.81,1609469700,1.54735505,29247.20,29247.20,29247.67
29261.83,1609469760,2.94369548,29206.85,29261.83,29247.20
29263.35,1609469820,2.05166786,29229.42,29263.35,29239.55
29264.93,1609469880,2.05221762,29240.90,29240.90,29249.68
29264.17,1609469940,0.69548444,29232.06,29249.33,29232.06
29278.12,1609470000,2.42958785,29239.33,29278.12,29249.33
29296.18,1609470060,1.61175516,29270.66,29285.06,29283.01
29282.39,1609470120,1.30421254,29267.76,29279.15,29268.01
29293.70,1609470180,2.38655770,29268.64,29293.70,29279.15
29314.90,1609470240,8.72447495,29277.88,29313.44,29293.70
29316.18,1609470300,1.32957407,29294.49,29312.65,29294.49
29332.11,1609470360,17.51998330,29303.20,29317.86,29312.65
29324.40,1609470420,3.33843039,29311.75,29311.75,29315.00
29320.50,1609470480,2.14145670,29293.69,29293.70,29320.50
29329.74,1609470540,2.26079212,29282.70,29321.88,29295.34
29340.37,1609470600,4.52581755,29317.05,29328.86,29321.89
29367.15,1609470660,5.47772335,29326.16,29344.12,29326.16
29355.64,1609470720,6.38999154,29336.34,29338.21,29355.63
29348.13,1609470780,1.62819814,29326.21,29348.13,29328.81
29340.78,1609470840,2.20784103,29321.80,29328.10,29336.17
29377.20,1609470900,2.21642177,29328.10,29377.20,29328.10
29381.57,1609470960,6.53000139,29332.27,29332.27,29366.44
29376.57,1609471020,5.49397806,29324.53,29328.10,29324.53
29333.87,1609471080,3.10074863,29310.13,29310.13,29328.93
29324.11,1609471140,5.90661324,29303.75,29304.59,29309.44
29308.74,1609471200,1.60069713,29293.82,29293.82,29298.19
29317.63,1609471260,2.23331187,29293.56,29317.63,29293.82
29317.63,1609471320,8.83420975,29288.07,29288.07,29317.63
29302.74,1609471380,4.32371228,29266.26,29279.03,29284.81
29312.20,1609471440,4.76920030,29265.26,29312.20,29269.42
29333.42,1609471500,6.46554156,29292.03,29311.48,29292.03
29303.36,1609471560,3.04759073,29253.49,29253.49,29303.36
29261.56,1609471620,7.66881812,29216.61,29238.28,29245.64
29271.13,1609471680,4.18104739,29229.75,29252.48,29229.75
29287.23,1609471740,4.59488883,29253.64,29287.23,29268.61
29271.96,1609471800,6.85360952,29253.69,29258.19,29267.57
29279.85,1609471860,3.17608648,29248.14,29276.04,29260.51
29312.90,1609471920,8.75543647,29264.35,29302.79,29269.14
29329.20,1609471980,5.80216614,29297.73,29297.97,29309.65
29310.68,1609472040,4.40668944,29289.17,29291.10,29297.73
29309.80,1609472100,5.00178419,29286.87,29309.80,29286.87
29329.74,1609472160,6.66092024,29309.80,29328.44,29309.80
29341.16,1609472220,1.12271948,29324.07,29325.53,29326.06
29326.05,1609472280,3.02501317,29293.67,29293.67,29325.70
29317.37,1609472340,4.26358327,29298.20,29304.17,29299.66
29399.99,1609472400,5.83330301,29307.36,29399.99,29314.62
29414.48,1609472460,10.75242262,29384.03,29400.40,29400.00
29390.64,1609472520,6.30806623,29356.87,29372.83,29382.99
29382.64,1609472580,3.94067374,29358.77,29358.77,29358.82
29356.17,1609472640,2.28400245,29336.65,29351.18,29349.73
29351.18,1609472700,1.28360864,29336.79,29338.78,29351.18
29355.99,1609472760,9.60764451,29324.24,29338.42,29343.56
29347.75,1609472820,1.00922484,29332.79,29333.62,29339.48
29371.76,1609472880,2.03708462,29343.91,29359.05,29347.75
29360.24,1609472940,3.89071472,29331.17,29345.31,29356.52
29337.15,1609473000,9.28412312,29316.13,29317.79,29337.15
29335.34,1609473060,4.91375130,29304.78,29317.94,29317.54
29360.06,1609473120,3.97145037,29317.94,29331.28,29317.94
29378.83,1609473180,9.90496105,29331.28,29355.10,29331.28
29388.76,1609473240,1.62659511,29346.85,29388.76,29346.85
29387.30,1609473300,5.65304002,29363.83,29377.33,29387.30
29389.07,1609473360,1.63877486,29371.44,29389.07,29377.33
29392.57,1609473420,9.11013189,29371.44,29376.96,29389.07
29377.77,1609473480,5.11263630,29350.97,29364.00,29372.99
29364.00,1609473540,2.67317233,29345.63,29345.63,29351.27
29399.81,1609473600,5.10856714,29351.85,29386.34,29351.85
29413.04,1609473660,5.86116360,29363.28,29407.51,29386.44
29407.51,1609473720,3.98243134,29379.40,29389.98,29407.51
29389.99,1609473780,5.20917569,29355.67,29379.90,29382.40
29386.54,1609473840,1.08672296,29366.09,29370.17,29386.54
29374.99,1609473900,2.39908323,29347.17,29365.83,29364.63
29381.56,1609473960,4.14813402,29363.59,29373.83,29365.83
29400.00,1609474020,5.08314936,29353.35,29387.52,29367.83
29399.96,1609474080,9.77676839,29375.42,29376.26,29399.94
29387.27,1609474140,0.45091678,29369.42,29372.98,29376.90
29405.28,1609474200,6.04172335,29372.95,29392.99,29380.13
29403.65,1609474260,4.86757432,29380.19,29386.75,29403.65
29387.83,1609474320,6.29207991,29364.24,29370.78,29387.83
29391.39,1609474380,0.92298188,29360.82,29384.28,29360.82
29385.00,1609474440,6.13643352,29348.20,29348.20,29379.95
29422.82,1609474500,2.05992214,29358.26,29413.65,29358.26
29437.83,1609474560,13.22563420,29410.98,29430.09,29410.98
29455.06,1609474620,11.11415279,29412.50,29415.45,29444.87
29438.71,1609474680,1.74720452,29416.95,29432.68,29419.75
29441.33,1609474740,0.84955479,29424.55,29441.33,29436.24
29441.33,1609474800,10.73761823,29395.24,29426.39,29441.33
29424.62,1609474860,5.25731507,29404.69,29412.12,29420.30
29447.86,1609474920,12.10320535,29420.49,29439.05,29420.49
29439.05,1609474980,8.07725228,29402.34,29402.34,29439.05
29431.68,1609475040,8.36604134,29392.85,29431.68,29404.78
29443.63,1609475100,2.57048542,29410.96,29429.38,29424.20
29447.62,1609475160,2.90293574,29423.72,29433.95,29429.38
29446.62,1609475220,4.37632920,29420.36,29420.36,29433.95
29442.74,1609475280,0.93529845,29421.39,29433.18,29428.04
29438.37,1609475340,7.50945451,29394.94,29406.81,29433.18
29458.27,1609475400,4.97955923,29409.76,29416.62,29409.76
29443.41,1609475460,6.24096325,29358.35,29358.35,29418.45
29398.65,1609475520,2.23128899,29369.68,29371.59,29385.10
29379.19,1609475580,10.00886410,29290.54,29310.80,29371.59
29333.55,1609475640,2.95300454,29293.48,29314.05,29293.48
29329.87,1609475700,6.33918892,29293.50,29295.83,29320.54
29316.69,1609475760,3.21731120,29293.28,29293.28,29311.12
29324.60,1609475820,9.11493829,29267.80,29296.15,29293.28
29282.52,1609475880,2.50378242,29261.85,29267.69,29281.06
29284.66,1609475940,3.88232948,29262.62,29269.51,29271.77
29272.85,1609476000,13.20598447,29260.00,29260.00,29269.76
29260.34,1609476060,16.04772707,29191.74,29191.74,29260.07
29237.02,1609476120,17.70489704,29121.80,29224.97,29191.74
29243.92,1609476180,6.41814707,29198.40,29243.92,29240.55
29254.39,1609476240,1.80621840,29236.67,29252.53,29254.39
29268.39,1609476300,5.96310532,29244.12,29252.92,29245.67
29277.01,1609476360,5.10721639,29252.96,29257.08,29268.62
29288.41,1609476420,1.93476753,29252.86,29288.41,29262.35
29288.48,1609476480,2.71623900,29267.44,29268.40,29285.20
29268.40,1609476540,12.34615391,29241.72,29255.22,29268.40
29288.05,1609476600,1.09684546,29267.57,29288.05,29267.57
29290.96,1609476660,4.66856693,29270.34,29272.25,29288.05
29290.79,1609476720,2.40874844,29276.29,29284.89,29290.79
29281.74,1609476780,5.20663393,29272.08,29281.34,29281.74
29284.36,1609476840,1.44016128,29277.85,29284.36,29281.74
29290.23,1609476900,2.29266212,29278.09,29284.55,29278.09
29293.20,1609476960,7.04372851,29275.31,29291.07,29290.10
29289.70,1609477020,5.66619240,29255.18,29269.62,29287.76
29296.95,1609477080,0.12720939,29277.06,29295.97,29286.18
29296.36,1609477140,1.69395552,29273.75,29290.38,29284.76
29300.15,1609477200,18.02403999,29272.15,29278.12,29294.58
29290.35,1609477260,5.70476154,29258.99,29275.39,29290.35
29269.22,1609477320,7.11342657,29226.77,29245.14,29269.22
29248.12,1609477380,3.71248087,29209.78,29214.67,29248.12
29235.85,1609477440,2.60370619,29215.90,29225.82,29215.90
29242.67,1609477500,2.22016296,29226.68,29235.58,29242.67
29247.09,1609477560,2.50710388,29228.68,29247.09,29228.68
29258.60,1609477620,16.69895028,29217.09,29227.74,29237.43
29242.82,1609477680,1.59646527,29185.73,29185.73,29227.74
29223.33,1609477740,13.32324322,29158.86,29170.39,29214.15
29193.52,1609477800,8.93967643,29166.92,29181.61,29171.61
29189.58,1609477860,3.06459263,29168.17,29184.56,29173.39
29192.63,1609477920,7.15359314,29172.08,29187.01,29192.63
29192.43,1609477980,4.32850859,29167.90,29167.90,29188.83
29189.38,1609478040,2.30572238,29168.15,29187.28,29183.50
29230.09,1609478100,2.96284379,29181.50,29213.75,29187.28
29238.10,1609478160,6.19926456,29207.61,29207.61,29233.45
29221.09,1609478220,1.31172724,29197.97,29213.49,29210.41
29206.53,1609478280,7.04338142,29186.95,29201.14,29206.41
29223.93,1609478340,0.28173901,29197.93,29223.93,29212.28
29218.95,1609478400,2.54567783,29209.72,29209.81,29215.66
29217.25,1609478460,3.37987887,29204.50,29212.62,29209.81
29219.65,1609478520,2.78633443,29211.11,29211.11,29215.43
29213.87,1609478580,1.91987777,29204.50,29204.51,29211.11
29224.47,1609478640,6.18026742,29211.88,29222.58,29218.18
29237.27,1609478700,0.38968323,29221.30,29237.27,29229.32
29257.67,1609478760,4.90236828,29237.77,29237.77,29238.16
29241.02,1609478820,12.17016783,29199.33,29215.36,29241.02
29227.28,1609478880,4.58277753,29204.89,29215.46,29215.36
29236.72,1609478940,4.13891106,29216.66,29227.35,29228.85
29217.28,1609479000,0.00371875,29217.28,29217.28,29217.28
29254.53,1609479060,3.74471488,29227.35,29237.65,29227.35
29253.42,1609479120,8.38141332,29219.12,29229.28,29253.42
29219.16,1609479180,6.62717667,29189.35,29197.41,29219.16
29214.35,1609479240,1.02215265,29201.77,29202.60,29201.77
29205.83,1609479300,7.62924322,29171.84,29184.23,29205.83
29204.98,1609479360,5.11485492,29179.73,29201.82,29179.73
29225.72,1609479420,7.74756013,29201.82,29206.47,29201.82
29264.88,1609479480,2.37626446,29211.18,29264.88,29222.52
29272.15,1609479540,3.61820850,29254.20,29254.20,29263.08
29260.13,1609479600,7.52834885,29228.92,29228.92,29260.13
29243.46,1609479660,7.02391751,29207.53,29222.91,29243.46
29259.45,1609479720,1.29695322,29244.20,29257.71,29246.57
29257.71,1609479780,6.42509113,29230.88,29243.81,29253.91
29244.16,1609479840,0.76712253,29237.82,29237.82,29243.82
29244.25,1609479900,0.45326604,29236.24,29236.31,29244.25
29259.45,1609479960,10.78647296,29232.46,29241.74,29247.88
29261.23,1609480020,2.63818100,29232.62,29235.31,29259.45
29269.57,1609480080,6.98072699,29250.07,29265.55,29255.05
29272.37,1609480140,4.01973619,29250.08,29250.08,29252.87
29270.91,1609480200,0.85540938,29255.33,29255.68,29263.52
29255.33,1609480260,8.98308873,29221.07,29223.45,29255.33
29226.69,1609480320,3.48213675,29215.99,29215.99,29226.69
29215.99,1609480380,4.04629766,29198.32,29198.93,29215.99
29208.53,1609480440,0.03521416,29199.51,29208.53,29208.53
29231.47,1609480500,5.71858371,29199.90,29229.87,29199.90
29229.87,1609480560,4.19122261,29197.74,29201.72,29229.87
29230.83,1609480620,3.33460272,29203.18,29221.38,29213.98
29251.54,1609480680,1.37841738,29230.83,29246.33,29230.83
29246.33,1609480740,7.13279793,29237.58,29242.10,29238.11
29261.63,1609480800,1.27159338,29242.10,29261.63,29242.10
29271.85,1609480860,6.54777913,29239.41,29271.85,29261.63
29276.44,1609480920,1.53104530,29270.98,29271.00,29271.85
29302.43,1609480980,3.63392677,29263.30,29297.77,29271.00
29310.71,1609481040,5.28359054,29286.35,29310.71,29293.20
29317.22,1609481100,15.85698613,29293.94,29303.00,29300.12
29317.56,1609481160,1.94002539,29294.99,29306.96,29312.79
29306.63,1609481220,4.04430946,29288.77,29288.77,29306.63
29305.00,1609481280,10.92923560,29288.77,29289.01,29292.60
29294.64,1609481340,7.29866467,29263.24,29263.24,29286.33
29293.45,1609481400,7.31478333,29278.40,29281.10,29278.40
29289.99,1609481460,4.08105710,29272.42,29272.42,29281.10
29285.61,1609481520,0.16845283,29275.58,29276.98,29285.61
29288.84,1609481580,8.28144473,29263.73,29265.89,29276.01
29276.27,1609481640,10.18385471,29264.61,29274.29,29276.27
29289.28,1609481700,0.14993853,29262.12,29262.12,29275.79
29278.34,1609481760,5.23518027,29268.24,29268.94,29268.75
29268.94,1609481820,3.05150778,29232.03,29232.03,29268.94
29253.40,1609481880,9.65320701,29240.48,29241.48,29245.86
29245.56,1609481940,6.17769062,29209.88,29215.36,29245.56
29265.15,1609482000,11.49109307,29215.36,29249.52,29215.36
29255.53,1609482060,2.54436422,29237.66,29249.65,29249.52
29259.65,1609482120,5.95763122,29245.53,29249.65,29249.65
29247.72,1609482180,7.66335956,29206.05,29212.20,29242.82
29248.65,1609482240,2.57999166,29206.05,29234.26,29207.28
29222.06,1609482300,1.89213596,29205.63,29205.63,29222.06
29234.47,1609482360,4.93779371,29200.00,29200.00,29205.63
29220.44,1609482420,1.80025681,29196.45,29204.41,29196.45
29220.39,1609482480,6.55180210,29200.00,29200.00,29204.41
29210.52,1609482540,4.25957508,29184.51,29184.51,29202.37
29222.60,1609482600,6.16153256,29162.94,29222.60,29175.98
29232.77,1609482660,5.45466321,29198.88,29209.76,29198.88
29225.44,1609482720,2.83690274,29203.76,29210.07,29209.76
29225.01,1609482780,3.67913447,29166.05,29172.64,29225.01
29209.13,1609482840,0.42110879,29172.64,29209.13,29172.64
29245.26,1609482900,9.98784449,29225.49,29235.61,29225.49
29239.75,1609482960,0.63312998,29218.65,29239.18,29218.65
29239.86,1609483020,0.36656006,29226.49,29227.70,29239.17
29235.65,1609483080,4.64631832,29217.62,29235.63,29227.70
29238.59,1609483140,0.44974191,29218.61,29221.57,29235.63
29234.78,1609483200,13.99437680,29217.62,29225.10,29221.59
29231.43,1609483260,1.26453541,29215.90,29229.96,29225.10
29248.33,1609483320,2.05744689,29231.52,29233.03,29231.52
29252.05,1609483380,12.55091079,29233.04,29252.05,29233.04
29264.19,1609483440,0.67313220,29242.37,29252.25,29242.37
29264.18,1609483500,6.72787904,29243.15,29246.25,29253.85
29261.23,1609483560,4.52513376,29235.56,29244.73,29246.25
29242.47,1609483620,5.16716228,29218.34,29218.34,29242.47
29246.82,1609483680,2.21725243,29212.21,29246.60,29219.90
29246.60,1609483740,4.28746168,29231.43,29235.72,29231.43
29234.23,1609483800,1.11407636,29216.63,29218.10,29216.63
29234.23,1609483860,6.29005227,29218.96,29219.06,29234.23
29220.13,1609483920,9.39196028,29219.13,29220.13,29219.13
29226.31,1609483980,5.01113679,29200.03,29220.56,29226.31
29219.44,1609484040,4.45708393,29156.48,29171.82,29208.17
29196.57,1609484100,1.29969773,29170.14,29196.57,29171.82
29202.17,1609484160,0.53303678,29176.35,29189.61,29202.15
29219.53,1609484220,1.19586525,29189.60,29212.05,29189.60
29228.42,1609484280,3.10850075,29213.53,29215.40,29214.98
29245.54,1609484340,6.87104426,29215.40,29245.54,29224.37
29245.54,1609484400,5.38982356,29215.01,29215.01,29245.54
29252.12,1609484460,1.08666962,29215.01,29250.66,29215.01
29253.61,1609484520,0.82571039,29242.56,29253.60,29242.56
29245.74,1609484580,11.04055414,29229.84,29229.85,29241.19
29244.20,1609484640,0.35703283,29230.30,29244.20,29238.54
29244.19,1609484700,9.66789444,29199.79,29202.94,29244.19
29220.93,1609484760,1.00248461,29193.20,29193.20,29202.94
29203.67,1609484820,2.28811269,29170.34,29171.88,29190.28
29199.40,1609484880,31.55901733,29053.57,29093.59,29199.31
29117.59,1609484940,6.47567779,29078.42,29107.82,29078.42
29106.45,1609485000,55.04345423,28896.66,28996.91,29106.45
29048.00,1609485060,2.74645825,28977.40,29048.00,28977.43
29060.18,1609485120,3.06175506,29026.53,29030.98,29048.01
29055.29,1609485180,0.73030657,29032.67,29055.29,29052.97
29055.28,1609485240,18.87648320,28973.58,29002.09,29055.28
29048.91,1609485300,1.15434506,28986.87,29048.91,29006.04
29049.60,1609485360,0.82116757,29009.60,29022.70,29020.85
29086.90,1609485420,3.11412992,29049.61,29086.90,29049.61
29113.18,1609485480,7.65692659,29078.35,29099.89,29086.90
29089.68,1609485540,8.73056306,29066.13,29088.53,29081.99
29100.01,1609485600,8.71199268,29047.69,29070.18,29090.05
29081.91,1609485660,5.83351348,29050.89,29063.56,29070.18
29092.98,1609485720,4.38768722,29063.56,29077.51,29080.44
29101.47,1609485780,3.60763999,29063.77,29066.88,29079.69
29101.48,1609485840,0.22935110,29083.02,29101.48,29084.48
29107.66,1609485900,1.92662857,29083.08,29107.66,29083.08
29111.65,1609485960,5.07121088,29094.26,29094.26,29107.66
29093.91,1609486020,5.55697380,29068.01,29071.04,29078.31
29101.43,1609486080,7.14887241,29071.04,29101.43,29071.04
29108.70,1609486140,11.00413811,29072.44,29079.93,29108.70
29095.47,1609486200,2.05959031,29075.41,29092.12,29079.93
29096.69,1609486260,4.99328122,29071.04,29082.44,29076.91
29121.80,1609486320,8.05906746,29083.36,29105.90,29083.36
29154.35,1609486380,30.29246702,29105.90,29121.75,29105.91
29140.04,1609486440,3.74703442,29117.48,29121.85,29121.75
29155.28,1609486500,5.71320406,29121.83,29121.85,29121.85
29156.75,1609486560,3.83567335,29121.85,29144.51,29121.85
29156.74,1609486620,11.04623556,29123.35,29138.57,29144.51
29156.73,1609486680,1.93422206,29123.78,29139.94,29123.80
29171.55,1609486740,10.22128163,29135.59,29148.37,29151.42
29174.48,1609486800,5.05357718,29148.37,29152.65,29165.71
29179.17,1609486860,0.84958376,29161.71,29163.60,29170.09
29182.45,1609486920,6.02879475,29153.95,29178.79,29163.60
29182.47,1609486980,7.85553236,29148.37,29161.39,29178.78
29179.53,1609487040,2.99343415,29140.51,29160.23,29140.51
29178.08,1609487100,4.04638278,29160.23,29161.89,29160.23
29164.66,1609487160,9.41004601,29140.50,29145.48,29161.89
29174.88,1609487220,9.33229220,29143.86,29150.84,29146.00
29165.53,1609487280,8.62261271,29140.50,29140.50,29150.83
29160.99,1609487340,7.94782841,29137.35,29158.04,29140.50
29179.52,1609487400,4.32511157,29139.61,29178.00,29139.61
29185.60,1609487460,4.80407566,29160.37,29168.57,29179.53
29184.09,1609487520,4.00785105,29165.30,29182.64,29168.29
29176.20,1609487580,3.47224122,29165.30,29165.30,29165.57
29175.52,1609487640,4.55101267,29165.30,29165.30,29165.30
29179.37,1609487700,2.11238887,29157.96,29160.99,29165.30
29179.40,1609487760,1.79323027,29160.99,29177.93,29160.99
29185.59,1609487820,0.84971085,29177.93,29184.12,29177.93
29191.71,1609487880,2.18588976,29166.26,29173.17,29167.26
29182.27,1609487940,6.24032917,29173.17,29173.17,29173.17
29225.56,1609488000,14.64354881,29173.17,29206.76,29179.01
29247.40,1609488060,20.48181623,29206.76,29247.40,29206.76
29226.39,1609488120,4.74807350,29190.71,29190.71,29219.83
29223.62,1609488180,1.12171585,29196.59,29201.00,29223.60
29202.46,1609488240,7.29874278,29161.82,29174.45,29202.46
29199.86,1609488300,2.21048906,29162.96,29175.54,29174.68
29174.06,1609488360,5.69782102,29121.40,29138.26,29153.73
29135.33,1609488420,2.16375456,29100.00,29115.89,29135.33
29136.01,1609488480,2.06007695,29090.08,29107.50,29090.08
29118.91,1609488540,0.50605942,29104.61,29118.91,29117.68
29129.60,1609488600,1.93105858,29103.76,29103.76,29126.49
29125.91,1609488660,2.30017612,29089.71,29111.45,29121.55
29109.46,1609488720,5.11380786,29053.51,29075.54,29089.71
29090.52,1609488780,1.57483814,29075.32,29090.52,29075.54
29092.53,1609488840,3.50298285,29052.03,29064.67,29068.05
29094.15,1609488900,4.22493778,29052.03,29053.09,29094.15
29059.04,1609488960,7.37539009,29018.68,29026.80,29053.09
29069.60,1609489020,1.33145380,29052.36,29054.55,29052.36
29075.48,1609489080,4.42151669,29017.21,29017.21,29054.55
29021.19,1609489140,12.50946248,28982.44,28998.42,29017.21
29049.56,1609489200,7.25305141,28982.44,28982.44,29001.33
29006.20,1609489260,8.32956850,28947.70,28991.14,28982.44
29031.72,1609489320,1.57940844,28950.63,29031.72,28974.37
29045.26,1609489380,1.34091569,29007.12,29045.26,29016.06
29077.96,1609489440,1.92541952,29036.25,29077.71,29036.25
29084.78,1609489500,3.00645604,29040.97,29040.97,29080.11
29079.83,1609489560,3.33906774,29042.75,29064.83,29078.43
29109.89,1609489620,7.48101798,29067.92,29109.89,29067.92
29121.80,1609489680,3.02862336,29080.56,29105.18,29080.58
29120.35,1609489740,4.61427849,29096.79,29105.18,29105.18
29136.18,1609489800,4.86700417,29099.36,29121.46,29105.18
29156.75,1609489860,7.47277123,29121.53,29156.75,29135.21
29174.15,1609489920,4.47356478,29138.30,29155.72,29154.18
29179.97,1609489980,2.14376856,29156.75,29179.97,29156.75
29191.74,1609490040,4.23217713,29155.90,29183.54,29189.34
29183.54,1609490100,3.44878793,29135.60,29144.04,29183.54
29144.04,1609490160,7.57605890,29119.39,29122.08,29144.04
29144.56,1609490220,6.34325806,29117.93,29117.93,29144.56
29135.13,1609490280,5.68603908,29117.93,29119.88,29117.93
29148.89,1609490340,2.37569384,29123.22,29148.89,29135.13
29162.24,1609490400,4.87182426,29139.16,29160.11,29148.89
29160.78,1609490460,3.14626155,29120.02,29123.34,29160.78
29139.12,1609490520,6.11390637,29109.61,29109.89,29123.34
29114.38,1609490580,8.43104845,29049.61,29051.96,29114.38
29087.08,1609490640,1.69470892,29038.83,29038.83,29059.92
29064.61,1609490700,5.41678233,29002.97,29019.01,29045.33
29065.46,1609490760,1.83607169,29017.57,29056.07,29019.01
29078.19,1609490820,2.83569753,29044.36,29072.07,29078.19
29111.10,1609490880,0.61678209,29053.35,29108.21,29053.35
29108.21,1609490940,2.11526905,29084.27,29084.27,29108.21
29107.83,1609491000,0.68631414,29071.87,29107.83,29101.94
29134.27,1609491060,6.79291936,29105.52,29108.46,29109.99
29132.28,1609491120,1.80819868,29101.94,29102.66,29101.94
29124.29,1609491180,0.62383013,29105.44,29124.29,29119.77
29122.89,1609491240,2.75524068,29105.45,29106.50,29105.60
29142.68,1609491300,19.16849155,29106.50,29142.68,29106.50
29149.27,1609491360,7.30070005,29124.15,29140.37,29124.15
29143.59,1609491420,3.13532880,29125.00,29125.00,29125.46
29143.65,1609491480,7.63569136,29100.02,29139.94,29129.15
29139.12,1609491540,22.57790651,29077.20,29077.20,29112.60
29116.18,1609491600,1.95111074,29039.59,29098.46,29060.43
29116.92,1609491660,3.54292838,29098.36,29105.52,29099.91
29149.99,1609491720,1.86506012,29104.04,29149.99,29105.52
29154.34,1609491780,4.07785202,29132.35,29145.92,29136.22
29168.60,1609491840,2.17573413,29129.14,29168.60,29136.81
29178.21,1609491900,9.93515333,29150.00,29150.00,29178.21
29171.83,1609491960,6.58404648,29150.00,29169.79,29150.01
29185.67,1609492020,3.16054168,29168.57,29170.03,29183.92
29179.65,1609492080,0.64860766,29155.84,29158.75,29170.03
29167.57,1609492140,4.29825331,29150.00,29150.13,29167.57
29169.77,1609492200,2.47252255,29150.00,29150.00,29163.06
29164.50,1609492260,8.77263306,29133.64,29149.46,29150.00
29185.67,1609492320,2.27857294,29128.66,29185.67,29149.92
29219.03,1609492380,8.71956527,29189.34,29219.03,29189.34
29226.77,1609492440,8.03857973,29191.75,29191.75,29222.72
29223.22,1609492500,2.98429556,29195.44,29195.44,29223.22
29204.02,1609492560,1.53595916,29182.74,29204.02,29196.11
29216.47,1609492620,3.56774935,29196.76,29198.80,29196.76
29200.00,1609492680,4.83110051,29172.08,29200.00,29198.80
29217.23,1609492740,3.17219888,29192.13,29203.16,29213.09
29241.74,1609492800,7.27136952,29195.58,29232.72,29195.58
29245.58,1609492860,0.80854347,29232.72,29242.63,29232.72
29248.16,1609492920,2.08286691,29222.93,29248.15,29222.93
29247.25,1609492980,4.05762171,29221.48,29232.92,29236.09
29246.69,1609493040,1.94195619,29232.92,29235.32,29232.92
29270.54,1609493100,8.54809009,29231.94,29257.09,29235.32
29296.95,1609493160,16.03350250,29261.48,29271.37,29279.70
29310.09,1609493220,2.81811923,29276.26,29297.77,29296.55
29313.09,1609493280,1.82970999,29270.69,29277.46,29297.93
29291.76,1609493340,8.55150292,29261.03,29261.03,29276.00
29283.82,1609493400,1.99014451,29252.50,29283.82,29259.05
29312.03,1609493460,1.00625689,29265.05,29312.03,29268.48
29328.71,1609493520,1.64160721,29284.62,29313.97,29311.62
29332.01,1609493580,5.76865663,29300.00,29320.47,29313.97
29344.16,1609493640,7.53919410,29303.67,29344.16,29329.84
29357.11,1609493700,2.62184758,29340.00,29340.56,29344.92
29357.15,1609493760,20.28676215,29340.56,29350.00,29340.56
29390.85,1609493820,20.75941130,29350.00,29387.46,29350.00
29383.70,1609493880,14.95226306,29344.07,29378.78,29380.75
29361.95,1609493940,3.48490023,29340.00,29340.03,29361.27
29369.28,1609494000,0.85107482,29340.00,29340.00,29358.77
29361.09,1609494060,2.52228875,29340.00,29340.00,29340.01
29356.58,1609494120,10.35075166,29308.48,29324.13,29340.00
29342.84,1609494180,7.40903554,29308.79,29315.51,29325.53
29315.51,1609494240,15.22953501,29300.00,29307.16,29311.23
29329.55,1609494300,2.48485598,29303.58,29329.55,29303.58
29329.55,1609494360,0.14520959,29319.23,29319.50,29319.23
29329.55,1609494420,0.25450997,29319.50,29329.55,29319.50
29350.26,1609494480,2.92423915,29321.67,29339.13,29329.55
29350.26,1609494540,12.47549978,29329.69,29329.69,29350.26
29324.56,1609494600,1.68367381,29308.38,29320.04,29320.53
29326.54,1609494660,0.72997189,29317.44,29317.44,29324.56
29319.22,1609494720,3.70998617,29306.95,29306.95,29317.44
29307.83,1609494780,9.14604851,29269.24,29296.25,29307.83
29291.84,1609494840,2.28221291,29272.45,29277.78,29276.58
29299.99,1609494900,1.93910416,29287.82,29299.99,29287.82
29299.63,1609494960,8.28246253,29267.42,29270.45,29287.86
29296.95,1609495020,0.66489092,29273.06,29282.96,29289.60
29313.90,1609495080,3.50182319,29277.02,29295.09,29304.56
29303.05,1609495140,1.63643049,29279.64,29282.62,29295.83
29303.17,1609495200,8.50794046,29277.03,29277.06,29282.62
29295.65,1609495260,5.21117757,29255.52,29258.63,29277.07
29316.23,1609495320,0.84219713,29275.73,29299.34,29276.18
29324.98,1609495380,0.81744360,29309.78,29309.78,29317.97
29331.22,1609495440,2.06700382,29294.47,29306.96,29326.54
29317.52,1609495500,4.34283973,29259.45,29260.67,29307.07
29274.18,1609495560,2.06800332,29234.25,29246.07,29257.20
29273.97,1609495620,2.58932697,29247.53,29266.23,29247.53
29269.59,1609495680,5.65545659,29255.44,29266.23,29266.23
29317.27,1609495740,6.08704005,29268.51,29305.57,29268.51
29402.55,1609495800,13.01611906,29301.38,29402.55,29307.75
29394.58,1609495860,5.12736517,29348.25,29375.54,29394.58
29378.34,1609495920,28.17213545,29318.62,29357.30,29362.92
29366.37,1609495980,8.44592290,29343.15,29343.15,29366.37
29355.79,1609496040,3.43151888,29325.46,29337.07,29338.62
29371.10,1609496100,0.65978497,29342.09,29371.10,29347.17
29392.37,1609496160,5.12634565,29353.81,29354.44,29366.90
29405.51,1609496220,11.26048727,29359.62,29372.81,29359.62
29388.42,1609496280,3.29395389,29353.65,29354.28,29388.42
29371.39,1609496340,3.64581572,29344.62,29360.78,29354.28
29360.30,1609496400,3.54256908,29336.31,29344.72,29350.61
29344.83,1609496460,7.63831308,29310.82,29333.59,29344.83
29329.07,1609496520,5.49927970,29307.08,29307.08,29311.28
29327.26,1609496580,5.81398272,29309.98,29309.98,29318.07
29314.74,1609496640,2.76711318,29302.35,29304.16,29309.98
29318.02,1609496700,10.95954375,29304.16,29318.02,29304.16
29310.93,1609496760,1.68230858,29308.69,29310.93,29308.69
29320.03,1609496820,0.81887473,29308.69,29310.73,29308.69
29371.08,1609496880,15.89366117,29310.78,29351.23,29310.78
29359.56,1609496940,7.66800924,29300.00,29300.00,29359.56
29311.82,1609497000,3.39840781,29291.05,29311.82,29306.80
29317.63,1609497060,4.27922672,29305.58,29310.73,29306.01
29313.36,1609497120,1.69877220,29301.52,29313.36,29312.86
29307.54,1609497180,7.24835396,29286.69,29302.79,29307.15
29305.75,1609497240,0.54930332,29291.21,29305.36,29291.21
29319.79,1609497300,1.99671000,29292.12,29319.79,29292.12
29323.79,1609497360,7.26416401,29305.47,29323.79,29319.79
29341.60,1609497420,6.88498337,29312.95,29341.60,29312.95
29343.28,1609497480,7.81342723,29328.86,29328.86,29329.44
29363.85,1609497540,3.13296221,29326.72,29358.07,29328.86
29382.54,1609497600,4.00210815,29354.18,29382.54,29358.07
29394.44,1609497660,12.33467650,29376.14,29376.15,29382.54
29374.53,1609497720,6.34769550,29337.10,29354.67,29369.74
29360.82,1609497780,0.10608619,29339.30,29339.30,29360.82
29348.08,1609497840,1.45121019,29339.30,29339.34,29339.30
29378.79,1609497900,9.29156895,29347.71,29353.13,29347.71
29360.48,1609497960,6.47810598,29340.08,29356.89,29343.31
29349.45,1609498020,6.16298890,29317.13,29325.19,29349.45
29319.49,1609498080,2.35803169,29305.12,29314.25,29307.41
29351.48,1609498140,3.14137203,29303.12,29351.48,29303.12
29390.66,1609498200,9.07863145,29351.48,29390.66,29351.48
29382.48,1609498260,9.32275136,29360.54,29366.45,29374.28
29362.00,1609498320,5.02433967,29335.73,29362.00,29351.63
29374.56,1609498380,0.62933901,29344.05,29355.69,29351.85
29374.56,1609498440,2.54714918,29336.11,29340.72,29355.69
29361.81,1609498500,1.83669507,29338.52,29360.81,29340.72
29361.14,1609498560,1.23795085,29337.26,29343.36,29338.52
29361.26,1609498620,7.33454702,29320.55,29342.88,29343.36
29354.64,1609498680,1.07202550,29322.02,29341.56,29322.02
29337.23,1609498740,9.07600740,29288.82,29318.16,29337.23
29346.17,1609498800,0.36314884,29297.92,29345.75,29322.94
29381.25,1609498860,0.42669546,29321.24,29381.25,29343.22
29398.66,1609498920,10.14362861,29349.19,29378.32,29381.18
29387.01,1609498980,7.19880583,29346.52,29346.52,29378.66
29342.43,1609499040,1.17844566,29333.60,29335.29,29341.72
29359.99,1609499100,1.68353626,29335.29,29347.30,29335.29
29370.45,1609499160,1.36728449,29343.18,29370.45,29347.30
29386.68,1609499220,7.01705686,29342.22,29373.15,29370.46
29429.90,1609499280,6.66249748,29372.79,29415.40,29372.79
29415.40,1609499340,7.75943128,29375.46,29392.60,29415.39
29403.41,1609499400,3.29798938,29375.54,29375.54,29403.41
29391.80,1609499460,4.68575937,29377.88,29384.49,29377.88
29401.19,1609499520,0.53175801,29376.79,29376.79,29377.97
29404.50,1609499580,1.43966478,29375.15,29404.40,29375.15
29404.50,1609499640,2.90373445,29377.87,29379.38,29404.50
29398.99,1609499700,0.78681242,29381.30,29386.90,29398.99
29386.79,1609499760,10.00327025,29350.00,29350.00,29375.43
29382.80,1609499820,1.14374137,29350.59,29382.80,29366.30
29389.86,1609499880,6.69128708,29370.36,29370.36,29388.00
29409.40,1609499940,4.72644283,29371.94,29391.81,29371.94
29415.88,1609500000,0.94303025,29392.45,29415.88,29392.45
29436.36,1609500060,1.59288196,29404.29,29423.10,29415.88
29463.94,1609500120,15.37146327,29418.15,29428.61,29436.36
29441.10,1609500180,0.59879778,29417.40,29423.33,29432.68
29464.00,1609500240,6.78821111,29419.04,29436.78,29433.70
29459.49,1609500300,4.01022059,29415.94,29428.12,29415.94
29442.64,1609500360,4.31465019,29424.53,29442.64,29430.92
29465.30,1609500420,2.06435857,29434.18,29447.81,29441.38
29456.01,1609500480,8.42121587,29413.95,29413.95,29447.81
29462.08,1609500540,3.11494099,29400.00,29462.08,29404.88
29490.00,1609500600,12.90716762,29454.17,29490.00,29465.41
29490.00,1609500660,6.08724525,29453.32,29453.32,29490.00
29452.82,1609500720,3.17548428,29400.00,29420.90,29452.82
29427.51,1609500780,0.60764166,29401.55,29403.05,29404.01
29410.23,1609500840,3.55428043,29381.52,29406.79,29403.84
29385.21,1609500900,11.93150388,29340.61,29340.99,29379.34
29379.96,1609500960,8.45545312,29334.47,29379.96,29334.47
29364.39,1609501020,0.61101644,29343.42,29362.59,29360.58
29381.95,1609501080,1.86216674,29355.62,29377.30,29372.22
29383.71,1609501140,1.86376758,29365.16,29375.38,29365.16
29384.47,1609501200,1.49321682,29362.63,29384.47,29362.63
29398.29,1609501260,3.54682775,29371.39,29387.01,29384.27
29398.79,1609501320,1.94124253,29387.01,29387.38,29387.01
29402.85,1609501380,9.03582257,29384.97,29385.00,29389.38
29373.68,1609501440,6.08980311,29340.09,29350.60,29373.68
29365.74,1609501500,5.54059953,29309.81,29339.29,29357.98
29355.59,1609501560,2.25409727,29329.79,29342.11,29340.45
29363.94,1609501620,6.15636208,29334.62,29363.94,29343.05
29365.54,1609501680,3.99794633,29341.82,29351.58,29352.34
29362.82,1609501740,1.76122953,29344.86,29356.98,29354.56
29376.42,1609501800,3.82342937,29357.43,29376.42,29357.97
29380.30,1609501860,8.00259039,29358.51,29371.56,29380.27
29369.82,1609501920,9.16133051,29343.30,29353.89,29359.34
29357.32,1609501980,7.10159928,29334.28,29355.45,29345.04
29362.24,1609502040,4.49831531,29333.87,29341.55,29362.24
29381.34,1609502100,1.55735129,29344.65,29368.07,29344.65
29381.34,1609502160,1.90835515,29368.98,29376.01,29377.21
29377.31,1609502220,4.90917642,29360.92,29377.31,29368.98
29395.11,1609502280,1.75404080,29361.64,29395.11,29372.70
29394.31,1609502340,1.43964011,29382.62,29390.34,29382.62
29395.11,1609502400,3.14940852,29377.27,29391.01,29390.34
29390.85,1609502460,4.06082344,29378.81,29390.85,29382.86
29400.54,1609502520,2.95472989,29365.75,29365.75,29393.90
29374.88,1609502580,8.27498522,29319.19,29319.19,29374.88
29336.55,1609502640,0.69126156,29321.04,29327.83,29321.04
29322.94,1609502700,15.51662432,29270.00,29295.14,29322.94
29320.40,1609502760,4.82400859,29288.52,29299.75,29305.76
29312.33,1609502820,1.70274914,29280.49,29312.33,29280.49
29320.08,1609502880,8.34328260,29297.09,29297.90,29304.58
29307.92,1609502940,0.16359501,29287.54,29304.20,29307.92
29348.62,1609503000,3.19864822,29304.20,29344.12,29304.20
29357.89,1609503060,2.00861704,29347.37,29348.73,29347.37
29359.47,1609503120,1.43680303,29333.89,29351.15,29348.73
29381.39,1609503180,11.23395388,29340.44,29361.18,29355.33
29355.09,1609503240,4.24144890,29340.59,29349.13,29348.71
29348.02,1609503300,7.97849815,29327.59,29330.12,29340.77
29348.03,1609503360,4.84677171,29321.63,29346.78,29330.12
29374.84,1609503420,3.23925458,29346.78,29365.89,29346.78
29392.29,1609503480,6.83282594,29370.29,29383.69,29374.84
29416.29,1609503540,5.03499721,29383.69,29414.74,29383.69
29463.99,1609503600,11.62611619,29407.52,29458.05,29420.00
29479.00,1609503660,15.41518416,29433.52,29433.52,29464.00
29485.21,1609503720,2.03973032,29418.84,29485.21,29433.52
29494.00,1609503780,11.66842206,29440.51,29454.13,29472.71
29500.00,1609503840,3.32359177,29461.57,29500.00,29462.80
29539.31,1609503900,18.90729673,29484.85,29516.03,29492.53
29524.58,1609503960,3.92446901,29468.27,29496.78,29516.03
29516.48,1609504020,7.89669720,29464.41,29493.10,29494.97
29511.17,1609504080,3.98224938,29473.27,29498.05,29503.98
29524.43,1609504140,9.71533106,29493.67,29516.81,29498.05
29573.74,1609504200,33.76184009,29520.18,29540.55,29521.52
29645.78,1609504260,52.02593132,29559.54,29645.78,29559.54
29647.96,1609504320,12.11703431,29582.62,29622.73,29633.00
29626.91,1609504380,7.82610213,29583.37,29613.83,29620.47
29622.57,1609504440,6.31953669,29572.43,29605.76,29622.57
29643.70,1609504500,6.24066614,29586.29,29634.56,29596.88
29675.00,1609504560,19.70249030,29616.87,29675.00,29616.87
29700.00,1609504620,23.96372400,29659.38,29670.29,29661.75
29677.00,1609504680,13.40652784,29626.04,29626.04,29659.38
29648.02,1609504740,8.39765430,29622.01,29629.66,29626.04
29651.18,1609504800,8.67910509,29626.22,29637.93,29640.38
29657.32,1609504860,13.26201220,29559.34,29559.34,29645.77
29586.78,1609504920,4.98401189,29508.52,29527.50,29577.57
29599.73,1609504980,3.18372475,29517.68,29588.91,29532.18
29590.40,1609505040,4.87711626,29537.86,29590.40,29588.91
29568.67,1609505100,9.59741806,29508.52,29508.52,29568.67
29559.95,1609505160,4.03081934,29500.01,29559.95,29531.70
29564.15,1609505220,5.11935899,29524.06,29557.93,29552.08
29593.87,1609505280,2.47563135,29552.78,29577.86,29573.74
29576.12,1609505340,3.20552461,29525.25,29538.57,29558.55
29528.06,1609505400,9.52204234,29451.48,29451.48,29515.76
29483.47,1609505460,21.35338799,29367.31,29367.31,29483.47
29396.89,1609505520,26.33256112,29261.84,29381.42,29367.31
29388.17,1609505580,5.82006576,29303.82,29343.96,29387.59
29378.08,1609505640,9.10671581,29233.40,29244.41,29370.24
29366.03,1609505700,2.43527112,29287.19,29313.80,29287.19
29354.38,1609505760,6.80507004,29298.41,29310.00,29335.26
29317.38,1609505820,10.19723891,29279.73,29313.18,29310.00
29350.00,1609505880,6.20138012,29294.44,29329.62,29313.18
29339.24,1609505940,3.66444334,29303.22,29313.77,29329.40
29352.05,1609506000,2.58200434,29286.27,29352.05,29303.33
29378.92,1609506060,6.46522603,29350.30,29363.48,29350.30
29414.46,1609506120,6.18276981,29363.29,29414.46,29379.29
29401.71,1609506180,10.72920668,29361.46,29375.96,29400.00
29389.85,1609506240,1.92339766,29361.39,29371.20,29382.67
29419.93,1609506300,1.90053133,29376.39,29404.02,29376.39
29424.71,1609506360,5.51584484,29394.26,29394.26,29404.02
29421.93,1609506420,2.78973324,29376.04,29395.48,29421.93
29437.82,1609506480,7.81876395,29395.54,29405.10,29395.54
29427.21,1609506540,6.14217189,29406.58,29410.47,29406.58
29439.70,1609506600,13.91825958,29402.58,29431.58,29425.74
29447.53,1609506660,1.51102950,29426.45,29426.45,29439.25
29445.74,1609506720,6.59406246,29390.70,29406.68,29430.28
29451.09,1609506780,1.08322378,29394.65,29451.09,29406.68
29473.16,1609506840,2.11321882,29437.18,29473.16,29451.09
29473.16,1609506900,8.10414718,29438.14,29453.46,29473.16
29486.26,1609506960,5.24963788,29434.95,29472.41,29434.95
29503.84,1609507020,9.59601232,29464.26,29464.27,29490.65
29481.55,1609507080,4.04035437,29434.26,29438.04,29460.50
29465.72,1609507140,4.42472511,29420.95,29438.46,29442.77
29444.23,1609507200,3.55760925,29390.03,29397.00,29438.46
29439.71,1609507260,4.31848739,29394.08,29394.08,29414.46
29419.74,1609507320,1.00435942,29388.24,29411.32,29394.10
29462.09,1609507380,1.88602596,29411.32,29443.05,29411.32
29461.87,1609507440,5.74627104,29396.98,29412.73,29461.87
29459.84,1609507500,0.09881946,29435.07,29459.84,29437.83
29448.78,1609507560,6.54758351,29411.85,29430.32,29442.26
29430.54,1609507620,2.84549999,29404.96,29424.49,29414.47
29459.84,1609507680,3.61972986,29424.50,29459.84,29424.50
29484.78,1609507740,2.26680700,29459.67,29484.78,29459.67
29494.07,1609507800,1.93254861,29461.13,29462.70,29480.00
29488.32,1609507860,7.11601548,29470.63,29476.85,29488.31
29500.00,1609507920,4.06009465,29473.42,29489.70,29473.42
29486.70,1609507980,7.81740564,29460.65,29461.49,29486.70
29475.41,1609508040,5.38710192,29453.25,29475.41,29461.23
29479.63,1609508100,7.90151309,29456.43,29456.43,29475.44
29485.04,1609508160,6.21249551,29437.60,29481.77,29442.38
29486.28,1609508220,12.64881992,29463.22,29472.25,29471.07
29490.51,1609508280,3.11599889,29467.58,29490.51,29467.58
29488.84,1609508340,0.27829737,29488.84,29488.84,29488.84
29502.65,1609508400,3.18436554,29487.12,29500.19,29488.84
29501.70,1609508460,6.21491227,29486.82,29492.51,29497.08
29492.51,1609508520,6.22034533,29459.31,29461.22,29478.23
29476.40,1609508580,4.44241251,29454.68,29456.30,29471.82
29482.03,1609508640,3.71212189,29454.68,29476.54,29454.68
29509.00,1609508700,8.51685877,29476.53,29501.36,29476.53
29536.96,1609508760,6.40098802,29507.77,29522.80,29507.77
29543.93,1609508820,9.69198581,29509.01,29543.93,29525.90
29543.93,1609508880,5.67571698,29529.08,29543.93,29538.85
29541.43,1609508940,5.57139385,29519.19,29524.47,29541.43
29542.70,1609509000,3.74782065,29515.86,29542.70,29524.47
29543.93,1609509060,5.19892009,29527.55,29540.45,29527.55
29532.64,1609509120,4.38653089,29511.93,29532.64,29530.41
29532.65,1609509180,2.72628906,29516.39,29532.65,29516.39
29530.77,1609509240,1.62344140,29518.16,29527.25,29530.77
29535.20,1609509300,8.44807029,29505.79,29535.20,29515.35
29543.93,1609509360,7.18908944,29527.01,29536.96,29535.20
29555.16,1609509420,6.48551262,29527.02,29551.65,29527.02
29551.65,1609509480,9.80365431,29524.45,29539.27,29551.65
29549.60,1609509540,5.36814782,29533.33,29538.92,29533.62
29562.02,1609509600,7.90706468,29539.04,29540.49,29550.00
29540.49,1609509660,8.11048187,29420.00,29463.27,29534.50
29490.20,1609509720,7.91051786,29444.17,29480.06,29447.56
29530.64,1609509780,4.85293436,29468.64,29501.48,29480.06
29551.08,1609509840,2.30312896,29501.85,29533.14,29516.75
29560.14,1609509900,9.66206370,29507.62,29559.32,29507.62
29570.00,1609509960,1.17747886,29543.79,29565.77,29543.79
29614.88,1609510020,12.82404387,29570.00,29610.58,29570.00
29614.88,1609510080,10.19505507,29563.69,29590.60,29614.77
29584.76,1609510140,5.45369204,29537.51,29537.51,29569.90
29544.17,1609510200,6.84216985,29519.15,29524.23,29534.85
29542.70,1609510260,5.87438551,29500.00,29523.28,29500.00
29534.93,1609510320,1.14224586,29518.82,29534.93,29533.70
29577.23,1609510380,4.15633053,29521.86,29577.23,29534.93
29562.66,1609510440,11.49719556,29526.82,29548.08,29562.65
29534.55,1609510500,8.68604037,29509.39,29518.86,29534.55
29525.89,1609510560,6.25149086,29489.38,29491.88,29520.92
29512.95,1609510620,5.13743505,29482.01,29499.82,29491.88
29520.35,1609510680,3.37747402,29493.10,29510.78,29499.82
29532.88,1609510740,3.86651310,29496.51,29532.88,29507.37
29527.43,1609510800,5.38412500,29509.08,29518.76,29527.43
29542.75,1609510860,3.45997423,29518.76,29527.39,29518.76
29541.60,1609510920,0.43792872,29527.39,29529.17,29541.60
29556.15,1609510980,11.22031233,29520.24,29544.91,29529.26
29544.91,1609511040,25.52299157,29495.37,29512.65,29544.91
29516.22,1609511100,0.98397482,29499.22,29516.22,29512.65
29530.93,1609511160,6.23601611,29501.77,29530.93,29516.22
29528.70,1609511220,1.76055979,29516.34,29519.44,29516.34
29533.55,1609511280,0.89303215,29522.48,29528.10,29531.93
29531.27,1609511340,10.44966996,29520.21,29522.08,29528.10
29523.13,1609511400,3.90813052,29510.50,29522.99,29510.50
29536.12,1609511460,6.92971434,29513.54,29516.28,29521.52
29521.05,1609511520,4.77390919,29484.29,29495.20,29520.40
29491.34,1609511580,4.00691289,29441.00,29441.00,29484.30
29443.50,1609511640,18.41959421,29402.55,29425.70,29437.84
29464.84,1609511700,4.09900617,29425.70,29449.10,29425.70
29476.00,1609511760,5.60475718,29438.98,29474.98,29449.10
29494.76,1609511820,4.58913487,29462.50,29472.97,29462.50
29484.58,1609511880,7.04260501,29450.24,29484.58,29472.97
29484.86,1609511940,9.91519170,29468.43,29473.86,29468.43
29490.77,1609512000,4.75209564,29461.15,29490.77,29473.86
29503.48,1609512060,5.46807798,29478.22,29492.96,29489.18
29498.21,1609512120,9.25749317,29483.08,29483.08,29492.95
29492.18,1609512180,3.30813769,29460.20,29486.52,29484.51
29491.09,1609512240,13.21507403,29470.53,29472.86,29491.09
29487.70,1609512300,9.27359350,29434.74,29434.74,29487.70
29452.19,1609512360,8.83811691,29402.55,29431.64,29402.55
29464.56,1609512420,8.89099355,29424.36,29452.29,29431.64
29464.47,1609512480,3.75440679,29423.83,29423.83,29458.82
29445.14,1609512540,5.34645252,29412.99,29445.14,29435.66
29445.57,1609512600,5.95162807,29419.95,29420.16,29436.03
29442.25,1609512660,3.72615445,29416.56,29416.57,29422.01
29432.80,1609512720,12.50387260,29372.60,29392.17,29432.80
29408.04,1609512780,14.57613797,29339.22,29356.39,29393.65
29391.88,1609512840,7.09540361,29363.52,29376.91,29363.52
29407.51,1609512900,6.00612427,29384.45,29401.59,29390.08
29400.24,1609512960,10.52834149,29371.86,29388.70,29391.16
29400.24,1609513020,49.84214752,29378.41,29380.00,29385.17
29404.07,1609513080,38.02059548,29368.18,29373.81,29380.00
29398.73,1609513140,27.41607695,29380.82,29397.69,29387.31
29398.54,1609513200,5.46802681,29371.65,29381.84,29388.85
29394.48,1609513260,16.76950239,29359.95,29359.95,29394.02
29371.05,1609513320,10.11656544,29324.63,29324.63,29359.76
29369.33,1609513380,4.14263612,29320.01,29365.37,29331.47
29367.86,1609513440,52.34166969,29261.84,29327.09,29367.86
29389.55,1609513500,5.15740604,29329.07,29371.85,29347.17
29402.27,1609513560,5.23039474,29386.44,29390.20,29393.57
29409.24,1609513620,6.65210508,29390.20,29394.71,29390.20
29409.65,1609513680,3.16256629,29390.30,29403.49,29390.30
29408.82,1609513740,1.21771661,29394.73,29394.74,29394.73
29408.82,1609513800,1.87936938,29387.29,29400.54,29408.82
29456.20,1609513860,9.13952279,29395.46,29456.20,29395.46
29460.17,1609513920,10.74679981,29421.22,29437.89,29456.20
29444.62,1609513980,7.11216603,29414.42,29430.75,29437.89
29439.68,1609514040,2.31476837,29412.36,29424.72,29431.16
29430.79,1609514100,4.67353953,29410.99,29410.99,29414.03
29433.59,1609514160,1.61871062,29410.99,29432.72,29410.99
29432.73,1609514220,3.97509078,29413.57,29420.41,29414.80
29430.00,1609514280,2.35529004,29416.03,29428.26,29420.41
29443.37,1609514340,3.06978214,29417.36,29439.06,29428.26
29438.31,1609514400,51.26959930,29311.69,29389.69,29438.31
29401.02,1609514460,2.69366564,29339.29,29388.00,29373.39
29403.88,1609514520,1.24568912,29379.12,29390.26,29388.82
29384.74,1609514580,1.95220533,29352.13,29363.49,29369.05
29380.28,1609514640,2.62601630,29353.59,29370.92,29363.49
29387.96,1609514700,2.01123792,29357.68,29387.96,29370.92
29375.18,1609514760,10.02157426,29279.90,29343.20,29375.18
29371.56,1609514820,3.59378634,29311.89,29359.13,29317.71
29391.30,1609514880,4.22461032,29351.98,29369.63,29359.13
29373.22,1609514940,48.48776539,29226.77,29356.62,29356.18
29349.29,1609515000,3.38044917,29320.65,29320.65,29343.61
29340.74,1609515060,4.30984744,29309.22,29309.23,29314.39
29305.37,1609515120,3.38933969,29272.90,29305.37,29273.42
29334.38,1609515180,2.45449266,29289.53,29329.24,29289.53
29323.21,1609515240,0.59746248,29292.81,29310.51,29322.10
29310.51,1609515300,1.83168730,29283.25,29292.40,29310.51
29293.80,1609515360,5.23787197,29226.77,29228.34,29292.33
29256.13,1609515420,27.27354517,29121.80,29151.72,29246.10
29199.33,1609515480,2.33792770,29121.81,29169.71,29157.71
29194.87,1609515540,4.01738223,29128.95,29128.95,29169.82
29183.38,1609515600,9.90741374,29100.00,29167.33,29121.80
29217.27,1609515660,4.33505972,29172.90,29204.20,29174.22
29237.72,1609515720,4.74430198,29180.00,29237.72,29204.20
29222.86,1609515780,0.66402220,29192.28,29222.86,29215.25
29226.03,1609515840,0.91793605,29195.68,29195.68,29222.86
29218.91,1609515900,2.16509304,29193.35,29215.00,29203.69
29277.01,1609515960,2.16558178,29226.87,29268.65,29233.07
29281.85,1609516020,1.52782836,29255.26,29260.48,29255.26
29293.12,1609516080,0.88058661,29273.26,29290.98,29288.01
29284.77,1609516140,0.66732167,29265.04,29284.77,29273.26
29284.87,1609516200,2.33898043,29248.83,29283.25,29284.77
29299.04,1609516260,6.88753661,29271.90,29299.04,29284.76
29304.92,1609516320,2.20802960,29282.91,29297.68,29299.04
29300.00,1609516380,2.68560704,29278.64,29289.28,29297.68
29293.16,1609516440,26.93600900,29248.85,29281.32,29275.12
29273.56,1609516500,1.34290712,29240.26,29250.59,29263.80
29244.93,1609516560,7.12500356,29216.03,29235.02,29240.00
29251.26,1609516620,0.60987560,29218.14,29248.36,29218.14
29286.16,1609516680,6.41030395,29248.36,29286.16,29248.36
29268.18,1609516740,2.15169805,29237.99,29261.96,29268.18
29305.70,1609516800,1.77409910,29248.16,29304.23,29261.96
29328.48,1609516860,1.91289211,29288.69,29312.26,29308.00
29302.76,1609516920,3.26075833,29238.81,29258.14,29302.66
29258.14,1609516980,1.97767456,29186.69,29210.50,29258.14
29247.56,1609517040,3.25963926,29199.65,29218.42,29227.80
29238.99,1609517100,29.16481160,29175.01,29222.43,29215.52
29269.50,1609517160,1.82832370,29240.76,29269.50,29245.30
29282.74,1609517220,1.76276341,29253.47,29282.74,29269.50
29285.20,1609517280,1.07734004,29253.21,29276.55,29283.16
29305.89,1609517340,0.72581258,29266.90,29300.00,29266.90
29318.13,1609517400,4.50601677,29291.01,29301.19,29300.00
29320.76,1609517460,1.17210023,29286.71,29300.84,29286.71
29306.99,1609517520,3.06888164,29280.00,29288.81,29300.84
29308.74,1609517580,0.43343222,29288.81,29301.18,29289.17
29317.44,1609517640,4.32766038,29289.22,29290.99,29301.18
29311.46,1609517700,6.15296644,29289.23,29295.07,29289.23
29329.74,1609517760,3.14776319,29295.07,29306.90,29295.07
29311.61,1609517820,1.45702254,29296.58,29311.61,29296.58
29322.99,1609517880,2.97811142,29299.16,29299.16,29306.40
29365.08,1609517940,9.36311707,29308.86,29346.15,29311.59
29340.06,1609518000,1.46149288,29320.00,29332.58,29340.06
29350.16,1609518060,0.57201390,29330.25,29347.66,29330.25
29367.31,1609518120,3.67886544,29332.40,29367.31,29347.66
29367.31,1609518180,4.13796038,29337.02,29355.97,29367.31
29367.31,1609518240,3.91901134,29348.67,29359.24,29355.97
29394.78,1609518300,7.38173744,29353.44,29384.07,29364.37
29402.54,1609518360,9.20096992,29377.64,29388.45,29386.92
29372.26,1609518420,2.04943905,29354.66,29354.66,29369.07
29352.52,1609518480,5.79849259,29333.47,29342.00,29347.65
29374.21,1609518540,3.96062579,29355.26,29359.74,29355.26
29359.74,1609518600,3.68566614,29330.04,29345.05,29359.74
29358.41,1609518660,6.36828737,29320.00,29343.23,29339.05
29358.50,1609518720,0.39985879,29344.60,29358.50,29358.49
29367.00,1609518780,1.09129952,29344.62,29367.00,29355.27
29371.95,1609518840,1.44885893,29360.93,29371.95,29366.90
29393.28,1609518900,5.56435439,29366.85,29373.79,29376.14
29372.85,1609518960,4.60015649,29356.89,29365.24,29366.50
29380.77,1609519020,4.77933070,29351.86,29360.20,29365.24
29360.93,1609519080,8.20492066,29338.45,29358.71,29360.20
29379.88,1609519140,0.68628395,29357.32,29369.90,29357.32
29369.73,1609519200,10.84083788,29353.17,29353.17,29368.36
29402.55,1609519260,8.90261830,29343.75,29359.80,29353.17
29377.08,1609519320,4.36238116,29356.27,29367.50,29359.80
29372.90,1609519380,4.04064703,29361.07,29361.07,29367.50
29377.60,1609519440,5.17677833,29361.07,29369.28,29361.07
29402.55,1609519500,4.83412892,29373.69,29402.55,29373.69
29422.31,1609519560,8.90031087,29402.55,29418.09,29402.55
29423.79,1609519620,1.90732407,29400.29,29423.22,29410.48
29411.31,1609519680,5.74311434,29399.11,29399.39,29411.31
29393.84,1609519740,0.77898568,29382.47,29393.57,29388.76
29394.90,1609519800,5.28144073,29375.45,29393.25,29393.57
29416.89,1609519860,2.65658793,29379.62,29416.89,29389.54
29432.98,1609519920,7.72267957,29404.96,29432.98,29416.89
29435.72,1609519980,2.92617520,29416.53,29422.96,29432.98
29436.33,1609520040,4.27745132,29396.60,29400.34,29436.33
29400.34,1609520100,8.81769382,29375.06,29382.74,29400.34
29397.14,1609520160,2.02856348,29382.25,29393.76,29382.25
29398.48,1609520220,2.92168790,29387.51,29397.20,29393.76
29387.75,1609520280,7.55585153,29357.98,29357.98,29387.73
29378.80,1609520340,4.50024851,29350.83,29376.86,29368.84
29370.62,1609520400,7.39953403,29340.60,29340.60,29370.62
29376.79,1609520460,3.92046851,29349.85,29361.35,29349.85
29375.91,1609520520,6.88689972,29354.90,29368.91,29361.35
29382.69,1609520580,3.75257004,29356.72,29382.69,29365.07
29391.47,1609520640,6.40593797,29378.38,29385.76,29382.69
29402.89,1609520700,1.65529253,29374.10,29390.54,29385.76
29392.41,1609520760,4.56366678,29379.81,29392.41,29390.54
29394.98,1609520820,2.48877611,29385.22,29390.51,29385.36
29393.55,1609520880,10.69397906,29364.57,29382.06,29393.55
29382.06,1609520940,4.60366728,29352.53,29364.52,29382.06
29384.43,1609521000,2.21746236,29364.52,29373.93,29364.52
29401.34,1609521060,1.20075607,29368.29,29398.39,29368.29
29395.33,1609521120,10.72457625,29377.85,29391.15,29390.51
29401.15,1609521180,5.09557518,29377.85,29388.63,29400.33
29392.43,1609521240,1.12030191,29375.96,29375.97,29388.63
29417.73,1609521300,1.79834148,29385.25,29416.26,29386.32
29416.92,1609521360,5.40057185,29396.92,29407.47,29416.91
29419.98,1609521420,0.50987563,29391.51,29416.76,29406.66
29416.74,1609521480,1.68504882,29400.75,29414.07,29413.70
29414.81,1609521540,6.13406244,29381.00,29395.15,29411.10
29413.12,1609521600,4.23005553,29375.26,29407.46,29375.26
29407.46,1609521660,3.30100415,29370.12,29379.69,29407.46
29370.36,1609521720,6.75723578,29330.15,29330.20,29370.36
29362.61,1609521780,4.29271793,29336.66,29357.95,29343.14
29343.08,1609521840,4.43838259,29326.66,29343.08,29340.61
29350.67,1609521900,5.39398273,29325.11,29333.39,29347.90
29342.43,1609521960,7.24063022,29310.79,29338.19,29342.43
29355.41,1609522020,4.91836304,29326.44,29338.53,29338.19
29347.30,1609522080,0.99854376,29336.75,29347.30,29344.06
29366.73,1609522140,4.26975977,29328.61,29365.27,29336.83
29357.36,1609522200,4.80096058,29333.90,29352.67,29352.77
29335.85,1609522260,2.99736493,29305.15,29318.12,29334.67
29318.12,1609522320,5.87547974,29301.11,29306.09,29310.80
29306.09,1609522380,9.63937677,29269.73,29281.60,29306.09
29313.10,1609522440,2.91595868,29273.42,29290.61,29289.97
29303.22,1609522500,5.43561133,29264.62,29303.22,29288.99
29306.60,1609522560,10.78445232,29287.86,29306.60,29303.22
29311.57,1609522620,6.18873051,29299.99,29304.91,29307.05
29302.90,1609522680,13.89274671,29252.43,29259.20,29300.00
29259.20,1609522740,8.06792402,29224.37,29224.37,29259.20
29230.18,1609522800,5.53778119,29200.00,29212.27,29224.89
29264.78,1609522860,7.49586591,29208.68,29256.64,29212.27
29262.25,1609522920,5.09425468,29210.00,29257.65,29245.20
29261.42,1609522980,6.01335631,29236.11,29236.11,29257.65
29256.64,1609523040,2.59489809,29235.02,29243.20,29256.64
29242.15,1609523100,49.15175058,29080.00,29080.00,29242.15
29111.32,1609523160,56.45825498,29000.00,29081.55,29081.22
29138.12,1609523220,2.97625721,29078.58,29115.17,29083.02
29148.08,1609523280,3.32561778,29104.30,29148.08,29113.84
29164.50,1609523340,3.96014615,29133.37,29164.50,29148.08
29188.97,1609523400,8.85913936,29143.69,29185.50,29146.76
29187.53,1609523460,6.96899516,29155.76,29182.47,29185.50
29185.57,1609523520,4.55184961,29160.49,29185.57,29169.37
29190.22,1609523580,4.84800757,29172.98,29184.97,29185.57
29223.29,1609523640,12.95594664,29181.27,29198.94,29191.74
29199.83,1609523700,2.30547596,29173.36,29191.44,29198.94
29194.32,1609523760,3.77679474,29174.38,29185.67,29174.38
29185.81,1609523820,8.08614472,29138.41,29174.00,29185.81
29184.13,1609523880,3.27608579,29140.27,29169.90,29184.13
29165.63,1609523940,5.91854509,29131.42,29162.36,29151.29
29162.36,1609524000,7.57896954,29054.58,29054.58,29162.36
29138.12,1609524060,38.37395626,29054.57,29138.12,29054.57
29212.29,1609524120,0.87076910,29142.59,29212.29,29142.59
29319.42,1609524180,26.77661963,29211.96,29319.42,29211.96
29311.97,1609524240,7.23789723,29262.90,29303.37,29305.97
29327.54,1609524300,4.55261116,29288.02,29291.40,29327.54
29295.26,1609524360,5.87802314,29266.72,29283.81,29282.35
29303.79,1609524420,6.02189489,29282.58,29303.61,29283.81
29317.56,1609524480,7.26173062,29278.24,29300.06,29303.61
29301.83,1609524540,2.73756166,29273.44,29290.08,29293.69
29296.12,1609524600,2.16270825,29282.80,29294.18,29282.80
29316.45,1609524660,8.31443880,29291.92,29300.96,29291.92
29311.42,1609524720,17.65805813,29275.57,29294.87,29305.23
29310.84,1609524780,7.07760443,29275.48,29310.84,29292.49
29296.24,1609524840,4.44368955,29278.07,29287.94,29296.24
29320.10,1609524900,3.73880348,29276.98,29296.93,29296.81
29296.93,1609524960,5.08234832,29276.98,29283.67,29296.93
29297.83,1609525020,1.60446707,29272.70,29295.47,29278.19
29282.86,1609525080,5.28245465,29274.35,29277.93,29282.12
29292.79,1609525140,5.03718766,29265.99,29280.44,29292.79
29275.79,1609525200,7.21292961,29242.17,29246.29,29274.19
29248.09,1609525260,3.69704352,29218.40,29218.40,29242.18
29240.47,1609525320,2.95355638,29195.91,29195.91,29216.52
29208.86,1609525380,8.46918432,29182.40,29191.34,29191.74
29195.23,1609525440,4.08749279,29136.86,29164.62,29195.23
29185.76,1609525500,2.38559063,29132.70,29169.13,29164.62
29162.05,1609525560,12.41907160,29089.53,29104.43,29162.04
29111.05,1609525620,4.41915076,29088.46,29111.05,29106.77
29138.55,1609525680,8.64653353,29096.93,29135.65,29111.05
29135.26,1609525740,11.01659022,29086.90,29092.51,29133.50
29099.65,1609525800,18.56607985,29031.90,29052.04,29099.65
29119.35,1609525860,2.20480133,29061.41,29119.35,29063.29
29133.56,1609525920,3.53870140,29104.41,29117.77,29133.56
29154.34,1609525980,4.82810951,29099.40,29137.74,29099.40
29170.92,1609526040,2.83414314,29127.20,29132.08,29137.75
29153.22,1609526100,6.40600308,29116.28,29116.28,29146.99
29131.00,1609526160,3.10188503,29092.74,29092.74,29118.50
29129.51,1609526220,2.25678260,29100.37,29123.25,29114.98
29123.25,1609526280,6.72485040,29098.59,29105.51,29123.24
29105.51,1609526340,7.76529688,29030.54,29030.54,29105.51
29086.90,1609526400,5.25047787,29024.48,29057.52,29024.48
29067.05,1609526460,20.81044620,29000.00,29032.95,29060.80
29024.78,1609526520,24.50284906,28919.17,28951.75,29024.78
28980.60,1609526580,4.95411953,28951.85,28965.18,28951.85
28978.53,1609526640,8.82557019,28952.00,28952.00,28965.18
28960.52,1609526700,97.69131730,28720.00,28826.40,28952.00
28866.30,1609526760,16.30374366,28778.34,28789.41,28802.99
28875.25,1609526820,9.93946808,28769.28,28855.63,28793.30
28947.70,1609526880,13.09560945,28846.91,28946.25,28855.63
28982.44,1609526940,8.92374524,28930.46,28982.44,28947.70
29050.39,1609527000,20.00635703,28951.93,29018.95,28982.44
29052.03,1609527060,15.63807281,28999.43,29043.30,29050.39
29086.90,1609527120,21.72527292,29030.00,29086.90,29043.30
29156.75,1609527180,22.82465598,29083.93,29114.70,29083.93
29133.13,1609527240,3.84325798,29077.07,29077.07,29119.70
29110.27,1609527300,8.35938753,29052.89,29078.07,29100.58
29156.75,1609527360,7.17045704,29097.90,29137.06,29105.36
29155.21,1609527420,8.87971012,29122.00,29152.17,29145.61
29153.74,1609527480,3.89198480,29126.18,29153.74,29133.71
29148.86,1609527540,3.73113379,29130.17,29130.21,29140.50
29147.95,1609527600,9.88849971,29057.41,29092.40,29131.88
29105.36,1609527660,7.87068168,29056.36,29065.19,29092.60
29112.73,1609527720,11.95313110,29072.06,29102.84,29072.06
29085.71,1609527780,12.23243726,29027.00,29048.75,29085.71
29064.59,1609527840,3.73339036,29022.00,29022.00,29062.44
29077.23,1609527900,11.24629669,29034.61,29077.23,29038.81
29100.00,1609527960,4.18218899,29068.66,29068.66,29082.91
29117.89,1609528020,7.28600141,29086.90,29089.80,29086.90
29099.95,1609528080,4.15654059,29068.25,29068.25,29095.32
29113.22,1609528140,4.37444042,29073.73,29088.17,29086.00
29127.01,1609528200,9.28648968,29076.08,29118.08,29101.60
29120.36,1609528260,4.84842703,29090.50,29108.14,29118.08
29103.49,1609528320,8.08215953,29032.19,29032.19,29103.49
29093.58,1609528380,7.81482493,29027.57,29093.58,29034.34
29116.87,1609528440,3.92553486,29086.33,29094.36,29101.93
29106.19,1609528500,8.05287681,29052.53,29106.19,29094.19
29092.96,1609528560,3.24687917,29068.40,29068.40,29081.69
29123.00,1609528620,11.05163280,29081.49,29123.00,29081.49
29150.00,1609528680,9.36219879,29126.79,29150.00,29136.86
29191.74,1609528740,20.02872496,29140.95,29154.88,29150.00
29180.82,1609528800,28.32455039,29131.16,29134.85,29180.82
29191.73,1609528860,2.88111269,29153.44,29185.80,29153.44
29188.27,1609528920,6.42011935,29159.72,29159.72,29188.27
29182.80,1609528980,5.51515305,29150.00,29176.80,29173.30
29184.93,1609529040,19.26526064,29135.87,29135.87,29182.80
29164.66,1609529100,5.31619395,29121.34,29144.86,29156.75
29177.43,1609529160,9.59792924,29132.25,29157.84,29144.23
29164.37,1609529220,3.90998733,29135.65,29148.80,29164.08
29144.78,1609529280,4.85927718,29117.77,29143.17,29144.78
29155.52,1609529340,4.68445240,29129.01,29129.01,29142.86
29133.37,1609529400,3.89593480,29109.08,29109.08,29129.02
29146.02,1609529460,4.83930839,29104.24,29146.02,29111.71
29149.42,1609529520,7.20560311,29110.42,29129.41,29132.40
29162.08,1609529580,3.51379289,29120.01,29162.08,29120.01
29180.81,1609529640,11.32423620,29152.28,29152.28,29161.65
29170.19,1609529700,23.76084112,29129.54,29150.33,29167.93
29145.75,1609529760,4.41487202,29115.80,29117.28,29144.80
29145.31,1609529820,2.41897666,29117.28,29135.86,29117.28
29161.24,1609529880,8.95903551,29127.06,29150.68,29127.06
29160.49,1609529940,2.99973851,29117.21,29160.49,29150.68
29191.74,1609530000,2.56185734,29155.90,29170.52,29166.10
29191.74,1609530060,6.41815027,29163.22,29169.24,29189.34
29180.14,1609530120,6.11171053,29151.76,29157.60,29167.76
29184.50,1609530180,1.58915249,29157.61,29184.50,29162.01
29191.74,1609530240,4.86970817,29161.92,29174.61,29189.34
29191.74,1609530300,2.54832738,29158.93,29167.48,29188.72
29213.05,1609530360,14.83168575,29163.54,29172.28,29186.18
29192.03,1609530420,2.50226499,29154.94,29160.76,29171.91
29188.28,1609530480,2.84212990,29160.77,29184.11,29186.33
29188.28,1609530540,12.24393349,29155.83,29168.11,29184.11
29180.05,1609530600,9.72414590,29131.87,29145.03,29180.05
29174.97,1609530660,3.99600853,29142.99,29174.97,29145.02
29180.66,1609530720,14.82472243,29141.02,29154.20,29174.97
29168.97,1609530780,6.71811290,29144.06,29153.24,29154.20
29166.03,1609530840,6.78797537,29148.63,29152.52,29161.61
29156.91,1609530900,2.63784806,29128.88,29145.68,29152.52
29166.04,1609530960,8.78516746,29126.54,29143.30,29165.21
29157.47,1609531020,5.03493949,29129.73,29133.36,29146.98
29133.36,1609531080,7.71216010,29091.98,29132.15,29133.36
29131.92,1609531140,3.48978131,29100.23,29131.54,29131.92
29108.67,1609531200,24.81299423,28947.70,28976.74,29108.67
29067.01,1609531260,2.30362761,28971.94,29067.01,28982.92
29100.00,1609531320,5.87207263,29037.57,29099.79,29037.57
29121.79,1609531380,4.97019848,29081.03,29121.79,29081.03
29191.74,1609531440,16.13819530,29098.82,29184.76,29121.79
29226.77,1609531500,6.71957151,29165.28,29219.96,29165.56
29226.77,1609531560,15.05489656,29200.00,29200.03,29206.79
29225.31,1609531620,4.70948303,29200.00,29207.49,29200.40
29223.75,1609531680,22.31410237,29158.51,29195.47,29202.94
29226.28,1609531740,3.26688816,29183.29,29210.79,29218.07
29225.81,1609531800,6.94373556,29185.65,29198.86,29210.79
29261.84,1609531860,21.52689574,29204.15,29249.15,29214.42
29255.05,1609531920,10.36203686,29207.98,29226.27,29239.65
29250.49,1609531980,4.34709888,29218.10,29234.69,29245.00
29261.84,1609532040,2.68048330,29223.12,29261.84,29234.69
29261.84,1609532100,4.90816040,29231.34,29246.91,29260.38
29260.38,1609532160,2.72675566,29241.31,29260.38,29246.91
29261.84,1609532220,6.70103449,29230.76,29259.27,29245.50
29327.53,1609532280,18.76047770,29248.19,29293.88,29259.27
29309.88,1609532340,7.87689152,29269.55,29287.17,29282.60
29290.91,1609532400,8.86575756,29261.90,29276.80,29284.03
29292.96,1609532460,7.05432438,29266.13,29283.05,29276.80
29291.75,1609532520,3.34369965,29267.89,29288.62,29277.96
29301.46,1609532580,7.27102563,29267.56,29301.46,29288.62
29323.46,1609532640,1.41180420,29281.88,29313.45,29281.88
29332.11,1609532700,8.40872946,29300.99,29306.36,29311.98
29323.13,1609532760,6.08675530,29282.20,29300.82,29315.87
29308.67,1609532820,9.71978025,29282.89,29285.71,29300.82
29305.47,1609532880,5.09137338,29275.99,29293.53,29285.71
29318.20,1609532940,10.91735259,29291.48,29300.99,29293.53
29316.51,1609533000,9.81371081,29288.57,29300.19,29288.57
29312.48,1609533060,7.28559776,29290.68,29294.10,29300.19
29303.25,1609533120,10.31333395,29283.59,29284.98,29303.25
29308.49,1609533180,26.17251777,29226.10,29283.91,29284.98
29291.16,1609533240,7.35228645,29262.41,29276.88,29279.26
29282.56,1609533300,6.59946193,29266.84,29273.37,29278.50
29277.84,1609533360,12.73548748,29240.01,29253.92,29276.65
29285.79,1609533420,4.56492736,29250.94,29252.12,29271.76
29267.19,1609533480,8.23902839,29250.96,29259.61,29250.97
29289.87,1609533540,7.05717249,29255.69,29288.08,29255.69
29291.97,1609533600,6.56779009,29263.48,29272.49,29291.89
29279.42,1609533660,10.36181883,29254.08,29261.62,29272.45
29282.12,1609533720,2.94381415,29254.70,29281.84,29269.42
29306.79,1609533780,7.12890844,29280.59,29306.79,29280.59
29308.75,1609533840,13.82891079,29260.28,29269.88,29302.60
29279.87,1609533900,4.04711283,29251.63,29267.99,29269.88
29299.00,1609533960,1.20083354,29268.04,29299.00,29268.04
29311.17,1609534020,3.20240812,29286.64,29301.93,29286.66
29317.58,1609534080,3.24367228,29296.78,29301.44,29309.54
29319.50,1609534140,2.25969308,29300.23,29304.52,29300.23
29328.73,1609534200,2.27324910,29304.63,29313.06,29319.48
29349.00,1609534260,14.29309232,29317.46,29330.73,29328.73
29348.00,1609534320,1.33454588,29330.98,29348.00,29331.03
29367.31,1609534380,14.39225872,29326.65,29350.86,29337.11
29351.74,1609534440,4.18090113,29318.29,29338.98,29346.78
29348.88,1609534500,5.99884316,29320.55,29337.44,29338.98
29330.93,1609534560,13.28311752,29287.03,29316.11,29329.23
29347.34,1609534620,8.23477933,29308.68,29327.07,29314.34
29327.73,1609534680,3.46014373,29303.87,29310.98,29316.71
29326.05,1609534740,7.83761555,29294.90,29294.90,29317.37
29314.36,1609534800,10.31934285,29283.54,29305.81,29294.90
29308.23,1609534860,2.98314018,29278.12,29289.50,29290.40
29298.47,1609534920,1.08317436,29281.45,29295.26,29295.26
29312.58,1609534980,9.44938701,29281.68,29281.68,29295.26
29315.52,1609535040,9.93072349,29279.20,29298.42,29295.06
29305.96,1609535100,2.87739670,29279.21,29304.94,29279.21
29323.47,1609535160,3.07410766,29284.85,29319.31,29304.94
29316.17,1609535220,2.75566135,29286.49,29302.34,29304.59
29328.17,1609535280,6.84979761,29313.00,29320.37,29313.88
29321.78,1609535340,1.83028052,29303.92,29321.78,29320.37
29321.78,1609535400,4.39332304,29292.83,29315.66,29321.78
29316.44,1609535460,3.11637942,29300.92,29302.12,29300.92
29311.11,1609535520,8.50429001,29289.33,29289.33,29311.11
29293.34,1609535580,5.31337262,29262.74,29262.74,29289.33
29295.36,1609535640,3.74802550,29264.47,29281.41,29276.91
29296.42,1609535700,2.35777442,29269.15,29269.15,29282.57
29287.06,1609535760,5.91711429,29252.25,29287.06,29269.15
29290.53,1609535820,3.18150921,29276.11,29279.25,29289.44
29294.31,1609535880,5.92834618,29252.31,29294.31,29279.68
29300.31,1609535940,1.35045356,29280.97,29300.31,29294.31
29305.93,1609536000,2.46986927,29289.74,29305.93,29289.74
29305.94,1609536060,3.17515693,29282.10,29282.10,29305.93
29304.94,1609536120,2.24618456,29280.64,29295.81,29280.64
29332.11,1609536180,12.75996715,29290.91,29314.11,29295.81
29337.58,1609536240,5.99709927,29304.57,29326.55,29304.57
29326.55,1609536300,4.61242030,29312.02,29319.04,29326.55
29320.64,1609536360,12.34650178,29303.67,29303.67,29312.03
29323.04,1609536420,3.02124674,29303.67,29316.82,29303.67
29318.50,1609536480,1.32540161,29305.40,29310.15,29305.40
29328.42,1609536540,3.02373027,29310.15,29321.96,29310.15
29332.41,1609536600,2.50773883,29313.98,29331.72,29317.47
29349.00,1609536660,3.40022658,29321.82,29344.07,29331.72
29353.31,1609536720,1.60054718,29333.32,29353.31,29338.93
29352.33,1609536780,1.51962957,29324.89,29331.40,29343.05
29349.00,1609536840,1.39580368,29327.64,29348.31,29335.41
29349.00,1609536900,1.89535221,29336.15,29341.70,29348.40
29355.21,1609536960,0.71570454,29333.36,29351.53,29333.36
29384.03,1609537020,5.89558306,29344.52,29368.92,29344.52
29385.21,1609537080,1.80763968,29359.81,29381.34,29369.06
29367.94,1609537140,2.55886480,29331.18,29331.18,29361.29
29354.59,1609537200,3.26612462,29317.50,29317.50,29354.59
29345.66,1609537260,1.75359918,29316.23,29345.66,29316.23
29362.76,1609537320,1.93373259,29324.23,29339.94,29324.23
29336.63,1609537380,2.37074070,29304.03,29306.19,29336.63
29327.46,1609537440,1.61415358,29295.16,29319.61,29295.16
29313.36,1609537500,5.10297465,29262.68,29262.68,29304.49
29283.50,1609537560,3.17554950,29255.86,29275.84,29255.86
29271.34,1609537620,5.57879313,29238.89,29249.47,29260.31
29266.84,1609537680,0.65546473,29228.97,29258.01,29249.47
29270.00,1609537740,2.34818216,29242.39,29251.85,29260.00
29285.61,1609537800,4.96222865,29251.09,29285.61,29257.09
29295.40,1609537860,8.21747489,29275.02,29286.07,29276.73
29287.50,1609537920,8.85231489,29253.12,29268.11,29283.72
29282.95,1609537980,2.74535959,29268.11,29282.95,29268.11
29291.13,1609538040,5.52848989,29262.95,29282.60,29288.16
29283.14,1609538100,8.38579000,29260.00,29269.56,29270.63
29288.49,1609538160,7.03405114,29260.25,29288.23,29260.25
29299.60,1609538220,4.49060730,29273.32,29290.80,29288.23
29282.93,1609538280,5.92818625,29263.67,29269.56,29279.40
29264.83,1609538340,13.69149720,29246.06,29247.92,29260.08
29255.88,1609538400,6.90129443,29197.08,29218.29,29255.87
29231.62,1609538460,0.15909372,29202.34,29221.88,29202.34
29241.13,1609538520,1.63616537,29213.55,29241.13,29221.88
29254.12,1609538580,1.71021997,29241.13,29254.12,29241.13
29280.21,1609538640,3.29431590,29241.73,29276.90,29241.73
29277.26,1609538700,1.28623608,29258.42,29265.14,29276.90
29272.01,1609538760,2.89142895,29249.63,29272.01,29265.14
29284.50,1609538820,1.33996683,29266.06,29275.64,29281.55
29277.45,1609538880,3.81712271,29255.35,29266.06,29266.06
29277.61,1609538940,0.76408182,29266.06,29266.06,29266.06
29292.65,1609539000,1.45355801,29266.06,29292.65,29266.06
29303.96,1609539060,0.68121409,29276.64,29288.02,29292.65
29306.15,1609539120,0.93619540,29288.49,29300.98,29303.96
29304.35,1609539180,2.45132969,29290.96,29291.07,29300.78
29322.27,1609539240,1.77119143,29300.61,29320.70,29300.61
29331.63,1609539300,0.79695989,29307.76,29331.63,29320.70
29333.11,1609539360,0.59082699,29314.74,29333.11,29314.74
29347.29,1609539420,2.29314940,29335.44,29346.41,29335.44
29349.00,1609539480,3.46914871,29335.46,29336.89,29347.29
29356.12,1609539540,2.91841766,29341.05,29341.16,29349.00
29346.06,1609539600,3.32312043,29315.21,29322.80,29346.06
29349.00,1609539660,1.71582118,29315.21,29349.00,29322.80
29363.37,1609539720,0.78518196,29339.48,29363.37,29349.00
29372.87,1609539780,1.15507844,29347.51,29356.35,29347.51
29369.78,1609539840,4.60807407,29356.35,29360.88,29364.50
29378.91,1609539900,1.64473886,29356.57,29369.70,29356.57
29388.76,1609539960,6.11609153,29367.76,29367.76,29388.76
29372.82,1609540020,0.67426939,29354.97,29354.97,29357.37
29372.54,1609540080,0.45862369,29364.29,29372.54,29364.29
29386.30,1609540140,5.35283352,29343.16,29343.16,29372.54
29361.42,1609540200,0.94595540,29335.28,29361.42,29343.27
29385.29,1609540260,0.36502352,29354.30,29368.49,29361.42
29391.66,1609540320,0.82802551,29371.69,29385.07,29383.22
29390.15,1609540380,1.82458698,29376.57,29376.62,29376.58
29394.29,1609540440,2.27666003,29376.62,29376.73,29376.62
29394.28,1609540500,0.70535445,29376.74,29392.43,29392.43
29394.29,1609540560,0.83036271,29376.75,29387.49,29392.43
29383.80,1609540620,6.61725431,29337.48,29337.48,29383.80
29358.06,1609540680,4.52419625,29319.12,29334.93,29337.47
29377.30,1609540740,1.30056555,29322.18,29377.30,29334.86
29402.55,1609540800,2.16141812,29361.12,29402.55,29377.30
29402.55,1609540860,12.45812823,29368.27,29388.44,29402.55
29395.51,1609540920,0.41911268,29370.52,29395.51,29394.84
29402.55,1609540980,0.70993042,29379.34,29398.92,29379.34
29406.00,1609541040,16.09541667,29386.27,29391.72,29398.92
29395.74,1609541100,2.91460838,29376.48,29376.50,29391.72
29384.12,1609541160,1.71113635,29369.91,29371.40,29384.12
29377.21,1609541220,7.20787922,29361.37,29361.37,29371.84
29361.37,1609541280,3.57302131,29340.21,29350.94,29361.37
29365.03,1609541340,2.47156715,29330.63,29345.76,29340.67
29365.02,1609541400,2.98614356,29348.23,29349.27,29363.48
29362.72,1609541460,1.15991004,29343.67,29354.32,29351.90
29372.74,1609541520,1.47038631,29354.33,29372.23,29360.39
29377.55,1609541580,1.08906499,29358.27,29359.86,29372.23
29394.66,1609541640,1.72703828,29374.20,29394.66,29376.07
29385.75,1609541700,5.70506611,29338.56,29350.01,29376.83
29358.13,1609541760,4.86563319,29324.01,29343.22,29356.97
29357.73,1609541820,0.63197595,29335.50,29340.65,29335.50
29358.10,1609541880,0.78137743,29340.65,29349.38,29357.43
29363.64,1609541940,5.79378844,29340.67,29355.57,29349.38
29356.87,1609542000,7.27210505,29326.11,29339.61,29352.50
29354.37,1609542060,1.50688650,29332.22,29345.81,29339.61
29379.56,1609542120,1.06895600,29336.62,29379.56,29336.62
29379.56,1609542180,3.72261679,29361.83,29371.18,29379.56
29380.19,1609542240,2.19609324,29361.85,29380.19,29361.85
29380.19,1609542300,3.04308790,29364.55,29364.55,29380.19
29378.83,1609542360,1.44660163,29354.83,29376.61,29354.83
29384.09,1609542420,4.54946887,29364.71,29384.09,29376.61
29387.30,1609542480,2.42357380,29348.72,29359.97,29370.28
29370.73,1609542540,2.86326124,29348.64,29369.55,29359.97
29375.18,1609542600,3.78608547,29352.81,29375.18,29361.18
29370.50,1609542660,4.46650499,29356.22,29370.50,29365.79
29370.35,1609542720,0.76150754,29357.72,29368.96,29359.94
29362.36,1609542780,1.30919093,29344.65,29358.55,29362.36
29355.39,1609542840,3.68056025,29321.40,29338.60,29349.45
29347.75,1609542900,3.91946556,29321.41,29324.05,29338.60
29325.59,1609542960,2.42113478,29311.32,29318.89,29324.05
29356.00,1609543020,1.64599402,29318.72,29347.92,29318.72
29376.63,1609543080,5.52902269,29338.66,29367.28,29338.66
29385.33,1609543140,0.42622426,29357.73,29385.33,29357.73
29398.36,1609543200,0.44748119,29364.73,29388.09,29364.73
29404.89,1609543260,5.41044614,29374.78,29374.78,29387.18
29392.07,1609543320,4.78506328,29339.19,29368.40,29375.35
29387.62,1609543380,4.66496835,29357.58,29357.58,29368.40
29372.92,1609543440,2.62217212,29351.33,29371.45,29367.23
29371.45,1609543500,0.23777418,29360.25,29369.79,29371.45
29374.37,1609543560,2.54351560,29360.59,29373.64,29369.79
29383.89,1609543620,7.99211042,29353.81,29366.21,29361.24
29380.58,1609543680,4.94997695,29353.82,29372.59,29353.82
29380.58,1609543740,2.85462895,29356.32,29380.58,29356.33
29380.58,1609543800,0.76708291,29357.65,29378.82,29371.65
29398.42,1609543860,3.49169720,29367.83,29384.51,29368.38
29414.81,1609543920,3.59514075,29384.51,29405.35,29384.51
29416.64,1609543980,2.31719019,29405.34,29409.32,29405.34
29423.00,1609544040,1.97685005,29399.66,29411.49,29409.32
29423.97,1609544100,5.52088307,29401.28,29403.08,29421.07
29426.65,1609544160,1.20492473,29407.84,29424.22,29408.23
29434.27,1609544220,3.63868426,29409.63,29409.63,29424.22
29423.45,1609544280,1.89122826,29398.09,29416.20,29409.64
29420.88,1609544340,3.91051278,29395.92,29420.88,29402.96
29416.45,1609544400,6.49062614,29403.24,29405.81,29408.88
29420.88,1609544460,6.52561594,29407.29,29420.88,29408.77
29403.72,1609544520,4.87270682,29370.44,29394.84,29403.34
29396.33,1609544580,3.68502098,29358.44,29373.10,29376.52
29385.45,1609544640,2.83217809,29353.14,29360.92,29353.14
29375.08,1609544700,0.80041992,29357.17,29357.17,29369.20
29378.11,1609544760,1.72456327,29361.38,29361.58,29361.38
29361.58,1609544820,4.78410550,29341.17,29347.53,29361.58
29360.69,1609544880,2.01642876,29347.97,29356.86,29347.97
29379.58,1609544940,2.62208007,29349.42,29365.80,29349.42
29385.14,1609545000,9.35711696,29351.28,29380.64,29362.18
29387.49,1609545060,1.74171791,29364.72,29386.84,29387.49
29383.42,1609545120,5.73361456,29372.26,29378.74,29383.42
29378.08,1609545180,2.39875647,29369.02,29377.49,29372.78
29388.28,1609545240,4.32994798,29376.04,29376.04,29377.49
29398.72,1609545300,4.79467115,29383.38,29390.92,29383.38
29402.92,1609545360,1.05232209,29384.51,29402.92,29384.51
29408.73,1609545420,1.60188866,29394.34,29399.58,29402.92
29408.73,1609545480,5.77991822,29394.12,29408.73,29403.00
29417.64,1609545540,0.97121388,29396.92,29402.64,29397.02
